obs_date,vintage_date,value
2001-05-01,2024-02-13,680
2001-05-01,2024-03-12,680
2001-05-01,2024-04-16,680
2001-05-01,2024-05-14,680
2001-05-01,2024-06-11,680
2001-05-01,2024-07-18,680
2001-05-01,2024-08-13,680
2001-05-01,2024-09-10,680
2001-05-01,2024-10-15,680
2001-05-01,2024-11-12,680
2001-05-01,2024-12-17,680
2001-05-01,2025-01-21,680
2001-05-01,2025-02-18,680
2001-05-01,2025-03-20,680
2001-05-01,2025-04-15,680
2001-05-01,2025-05-13,680
2001-05-01,2025-06-10,680
2001-05-01,2025-07-17,680
2001-05-01,2025-08-12,680
2001-05-01,2025-09-16,680
2001-06-01,2024-02-13,674
2001-06-01,2024-03-12,674
2001-06-01,2024-04-16,674
2001-06-01,2024-05-14,674
2001-06-01,2024-06-11,674
2001-06-01,2024-07-18,674
2001-06-01,2024-08-13,674
2001-06-01,2024-09-10,674
2001-06-01,2024-10-15,674
2001-06-01,2024-11-12,674
2001-06-01,2024-12-17,674
2001-06-01,2025-01-21,674
2001-06-01,2025-02-18,674
2001-06-01,2025-03-20,674
2001-06-01,2025-04-15,674
2001-06-01,2025-05-13,674
2001-06-01,2025-06-10,674
2001-06-01,2025-07-17,674
2001-06-01,2025-08-12,674
2001-06-01,2025-09-16,674
2001-07-01,2024-02-13,663
2001-07-01,2024-03-12,663
2001-07-01,2024-04-16,663
2001-07-01,2024-05-14,663
2001-07-01,2024-06-11,663
2001-07-01,2024-07-18,663
2001-07-01,2024-08-13,663
2001-07-01,2024-09-10,663
2001-07-01,2024-10-15,663
2001-07-01,2024-11-12,663
2001-07-01,2024-12-17,663
2001-07-01,2025-01-21,663
2001-07-01,2025-02-18,663
2001-07-01,2025-03-20,663
2001-07-01,2025-04-15,663
2001-07-01,2025-05-13,663
2001-07-01,2025-06-10,663
2001-07-01,2025-07-17,663
2001-07-01,2025-08-12,663
2001-07-01,2025-09-16,663
2001-08-01,2024-02-13,663
2001-08-01,2024-03-12,663
2001-08-01,2024-04-16,663
2001-08-01,2024-05-14,663
2001-08-01,2024-06-11,663
2001-08-01,2024-07-18,663
2001-08-01,2024-08-13,663
2001-08-01,2024-09-10,663
2001-08-01,2024-10-15,663
2001-08-01,2024-11-12,663
2001-08-01,2024-12-17,663
2001-08-01,2025-01-21,663
2001-08-01,2025-02-18,663
2001-08-01,2025-03-20,663
2001-08-01,2025-04-15,663
2001-08-01,2025-05-13,663
2001-08-01,2025-06-10,663
2001-08-01,2025-07-17,663
2001-08-01,2025-08-12,663
2001-08-01,2025-09-16,663
2001-09-01,2024-02-13,639
2001-09-01,2024-03-12,639
2001-09-01,2024-04-16,639
2001-09-01,2024-05-14,639
2001-09-01,2024-06-11,639
2001-09-01,2024-07-18,639
2001-09-01,2024-08-13,639
2001-09-01,2024-09-10,639
2001-09-01,2024-10-15,639
2001-09-01,2024-11-12,639
2001-09-01,2024-12-17,639
2001-09-01,2025-01-21,639
2001-09-01,2025-02-18,639
2001-09-01,2025-03-20,639
2001-09-01,2025-04-15,639
2001-09-01,2025-05-13,639
2001-09-01,2025-06-10,639
2001-09-01,2025-07-17,639
2001-09-01,2025-08-12,639
2001-09-01,2025-09-16,639
2001-10-01,2024-02-13,626
2001-10-01,2024-03-12,626
2001-10-01,2024-04-16,626
2001-10-01,2024-05-14,626
2001-10-01,2024-06-11,626
2001-10-01,2024-07-18,626
2001-10-01,2024-08-13,626
2001-10-01,2024-09-10,626
2001-10-01,2024-10-15,626
2001-10-01,2024-11-12,626
2001-10-01,2024-12-17,626
2001-10-01,2025-01-21,626
2001-10-01,2025-02-18,626
2001-10-01,2025-03-20,626
2001-10-01,2025-04-15,626
2001-10-01,2025-05-13,626
2001-10-01,2025-06-10,626
2001-10-01,2025-07-17,626
2001-10-01,2025-08-12,626
2001-10-01,2025-09-16,626
2001-11-01,2024-02-13,602
2001-11-01,2024-03-12,602
2001-11-01,2024-04-16,602
2001-11-01,2024-05-14,602
2001-11-01,2024-06-11,602
2001-11-01,2024-07-18,602
2001-11-01,2024-08-13,602
2001-11-01,2024-09-10,602
2001-11-01,2024-10-15,602
2001-11-01,2024-11-12,602
2001-11-01,2024-12-17,602
2001-11-01,2025-01-21,602
2001-11-01,2025-02-18,602
2001-11-01,2025-03-20,602
2001-11-01,2025-04-15,601
2001-11-01,2025-05-13,601
2001-11-01,2025-06-10,601
2001-11-01,2025-07-17,601
2001-11-01,2025-08-12,601
2001-11-01,2025-09-16,601
2001-12-01,2024-02-13,605
2001-12-01,2024-03-12,605
2001-12-01,2024-04-16,605
2001-12-01,2024-05-14,605
2001-12-01,2024-06-11,605
2001-12-01,2024-07-18,605
2001-12-01,2024-08-13,605
2001-12-01,2024-09-10,605
2001-12-01,2024-10-15,605
2001-12-01,2024-11-12,605
2001-12-01,2024-12-17,605
2001-12-01,2025-01-21,605
2001-12-01,2025-02-18,605
2001-12-01,2025-03-20,605
2001-12-01,2025-04-15,606
2001-12-01,2025-05-13,606
2001-12-01,2025-06-10,606
2001-12-01,2025-07-17,606
2001-12-01,2025-08-12,606
2001-12-01,2025-09-16,606
2002-01-01,2024-02-13,616
2002-01-01,2024-03-12,616
2002-01-01,2024-04-16,616
2002-01-01,2024-05-14,616
2002-01-01,2024-06-11,616
2002-01-01,2024-07-18,616
2002-01-01,2024-08-13,616
2002-01-01,2024-09-10,616
2002-01-01,2024-10-15,616
2002-01-01,2024-11-12,616
2002-01-01,2024-12-17,616
2002-01-01,2025-01-21,616
2002-01-01,2025-02-18,616
2002-01-01,2025-03-20,616
2002-01-01,2025-04-15,616
2002-01-01,2025-05-13,616
2002-01-01,2025-06-10,616
2002-01-01,2025-07-17,616
2002-01-01,2025-08-12,616
2002-01-01,2025-09-16,616
2002-02-01,2024-02-13,617
2002-02-01,2024-03-12,617
2002-02-01,2024-04-16,617
2002-02-01,2024-05-14,617
2002-02-01,2024-06-11,617
2002-02-01,2024-07-18,617
2002-02-01,2024-08-13,617
2002-02-01,2024-09-10,617
2002-02-01,2024-10-15,617
2002-02-01,2024-11-12,617
2002-02-01,2024-12-17,617
2002-02-01,2025-01-21,617
2002-02-01,2025-02-18,617
2002-02-01,2025-03-20,617
2002-02-01,2025-04-15,619
2002-02-01,2025-05-13,619
2002-02-01,2025-06-10,619
2002-02-01,2025-07-17,619
2002-02-01,2025-08-12,619
2002-02-01,2025-09-16,619
2002-03-01,2024-02-13,621
2002-03-01,2024-03-12,621
2002-03-01,2024-04-16,622
2002-03-01,2024-05-14,622
2002-03-01,2024-06-11,622
2002-03-01,2024-07-18,622
2002-03-01,2024-08-13,622
2002-03-01,2024-09-10,622
2002-03-01,2024-10-15,622
2002-03-01,2024-11-12,622
2002-03-01,2024-12-17,622
2002-03-01,2025-01-21,622
2002-03-01,2025-02-18,622
2002-03-01,2025-03-20,622
2002-03-01,2025-04-15,619
2002-03-01,2025-05-13,619
2002-03-01,2025-06-10,619
2002-03-01,2025-07-17,619
2002-03-01,2025-08-12,619
2002-03-01,2025-09-16,619
2002-04-01,2024-02-13,613
2002-04-01,2024-03-12,613
2002-04-01,2024-04-16,613
2002-04-01,2024-05-14,613
2002-04-01,2024-06-11,613
2002-04-01,2024-07-18,613
2002-04-01,2024-08-13,613
2002-04-01,2024-09-10,613
2002-04-01,2024-10-15,613
2002-04-01,2024-11-12,613
2002-04-01,2024-12-17,613
2002-04-01,2025-01-21,613
2002-04-01,2025-02-18,613
2002-04-01,2025-03-20,613
2002-04-01,2025-04-15,613
2002-04-01,2025-05-13,613
2002-04-01,2025-06-10,613
2002-04-01,2025-07-17,613
2002-04-01,2025-08-12,613
2002-04-01,2025-09-16,613
2002-05-01,2024-02-13,616
2002-05-01,2024-03-12,616
2002-05-01,2024-04-16,616
2002-05-01,2024-05-14,616
2002-05-01,2024-06-11,616
2002-05-01,2024-07-18,616
2002-05-01,2024-08-13,616
2002-05-01,2024-09-10,616
2002-05-01,2024-10-15,616
2002-05-01,2024-11-12,616
2002-05-01,2024-12-17,616
2002-05-01,2025-01-21,616
2002-05-01,2025-02-18,616
2002-05-01,2025-03-20,616
2002-05-01,2025-04-15,616
2002-05-01,2025-05-13,616
2002-05-01,2025-06-10,616
2002-05-01,2025-07-17,616
2002-05-01,2025-08-12,616
2002-05-01,2025-09-16,616
2002-06-01,2024-02-13,612
2002-06-01,2024-03-12,612
2002-06-01,2024-04-16,612
2002-06-01,2024-05-14,612
2002-06-01,2024-06-11,612
2002-06-01,2024-07-18,612
2002-06-01,2024-08-13,612
2002-06-01,2024-09-10,612
2002-06-01,2024-10-15,612
2002-06-01,2024-11-12,612
2002-06-01,2024-12-17,612
2002-06-01,2025-01-21,612
2002-06-01,2025-02-18,612
2002-06-01,2025-03-20,612
2002-06-01,2025-04-15,611
2002-06-01,2025-05-13,611
2002-06-01,2025-06-10,611
2002-06-01,2025-07-17,611
2002-06-01,2025-08-12,611
2002-06-01,2025-09-16,611
2002-07-01,2024-02-13,613
2002-07-01,2024-03-12,613
2002-07-01,2024-04-16,613
2002-07-01,2024-05-14,613
2002-07-01,2024-06-11,613
2002-07-01,2024-07-18,613
2002-07-01,2024-08-13,613
2002-07-01,2024-09-10,613
2002-07-01,2024-10-15,613
2002-07-01,2024-11-12,613
2002-07-01,2024-12-17,613
2002-07-01,2025-01-21,613
2002-07-01,2025-02-18,613
2002-07-01,2025-03-20,613
2002-07-01,2025-04-15,613
2002-07-01,2025-05-13,613
2002-07-01,2025-06-10,613
2002-07-01,2025-07-17,613
2002-07-01,2025-08-12,613
2002-07-01,2025-09-16,613
2002-08-01,2024-02-13,609
2002-08-01,2024-03-12,609
2002-08-01,2024-04-16,609
2002-08-01,2024-05-14,609
2002-08-01,2024-06-11,609
2002-08-01,2024-07-18,609
2002-08-01,2024-08-13,609
2002-08-01,2024-09-10,609
2002-08-01,2024-10-15,609
2002-08-01,2024-11-12,609
2002-08-01,2024-12-17,609
2002-08-01,2025-01-21,609
2002-08-01,2025-02-18,609
2002-08-01,2025-03-20,609
2002-08-01,2025-04-15,609
2002-08-01,2025-05-13,609
2002-08-01,2025-06-10,609
2002-08-01,2025-07-17,609
2002-08-01,2025-08-12,609
2002-08-01,2025-09-16,609
2002-09-01,2024-02-13,609
2002-09-01,2024-03-12,609
2002-09-01,2024-04-16,609
2002-09-01,2024-05-14,609
2002-09-01,2024-06-11,609
2002-09-01,2024-07-18,609
2002-09-01,2024-08-13,609
2002-09-01,2024-09-10,609
2002-09-01,2024-10-15,609
2002-09-01,2024-11-12,609
2002-09-01,2024-12-17,609
2002-09-01,2025-01-21,609
2002-09-01,2025-02-18,609
2002-09-01,2025-03-20,609
2002-09-01,2025-04-15,609
2002-09-01,2025-05-13,609
2002-09-01,2025-06-10,609
2002-09-01,2025-07-17,609
2002-09-01,2025-08-12,609
2002-09-01,2025-09-16,609
2002-10-01,2024-02-13,608
2002-10-01,2024-03-12,608
2002-10-01,2024-04-16,608
2002-10-01,2024-05-14,608
2002-10-01,2024-06-11,608
2002-10-01,2024-07-18,608
2002-10-01,2024-08-13,608
2002-10-01,2024-09-10,608
2002-10-01,2024-10-15,608
2002-10-01,2024-11-12,608
2002-10-01,2024-12-17,608
2002-10-01,2025-01-21,608
2002-10-01,2025-02-18,608
2002-10-01,2025-03-20,608
2002-10-01,2025-04-15,608
2002-10-01,2025-05-13,608
2002-10-01,2025-06-10,608
2002-10-01,2025-07-17,608
2002-10-01,2025-08-12,608
2002-10-01,2025-09-16,608
2002-11-01,2024-02-13,603
2002-11-01,2024-03-12,603
2002-11-01,2024-04-16,603
2002-11-01,2024-05-14,603
2002-11-01,2024-06-11,603
2002-11-01,2024-07-18,603
2002-11-01,2024-08-13,603
2002-11-01,2024-09-10,603
2002-11-01,2024-10-15,603
2002-11-01,2024-11-12,603
2002-11-01,2024-12-17,603
2002-11-01,2025-01-21,603
2002-11-01,2025-02-18,603
2002-11-01,2025-03-20,603
2002-11-01,2025-04-15,603
2002-11-01,2025-05-13,603
2002-11-01,2025-06-10,603
2002-11-01,2025-07-17,603
2002-11-01,2025-08-12,603
2002-11-01,2025-09-16,603
2002-12-01,2024-02-13,602
2002-12-01,2024-03-12,602
2002-12-01,2024-04-16,602
2002-12-01,2024-05-14,602
2002-12-01,2024-06-11,602
2002-12-01,2024-07-18,602
2002-12-01,2024-08-13,602
2002-12-01,2024-09-10,602
2002-12-01,2024-10-15,602
2002-12-01,2024-11-12,602
2002-12-01,2024-12-17,602
2002-12-01,2025-01-21,602
2002-12-01,2025-02-18,602
2002-12-01,2025-03-20,602
2002-12-01,2025-04-15,602
2002-12-01,2025-05-13,602
2002-12-01,2025-06-10,602
2002-12-01,2025-07-17,602
2002-12-01,2025-08-12,602
2002-12-01,2025-09-16,602
2003-01-01,2024-02-13,596
2003-01-01,2024-03-12,596
2003-01-01,2024-04-16,596
2003-01-01,2024-05-14,596
2003-01-01,2024-06-11,596
2003-01-01,2024-07-18,596
2003-01-01,2024-08-13,596
2003-01-01,2024-09-10,596
2003-01-01,2024-10-15,596
2003-01-01,2024-11-12,596
2003-01-01,2024-12-17,596
2003-01-01,2025-01-21,596
2003-01-01,2025-02-18,596
2003-01-01,2025-03-20,596
2003-01-01,2025-04-15,596
2003-01-01,2025-05-13,596
2003-01-01,2025-06-10,596
2003-01-01,2025-07-17,596
2003-01-01,2025-08-12,596
2003-01-01,2025-09-16,596
2003-02-01,2024-02-13,594
2003-02-01,2024-03-12,594
2003-02-01,2024-04-16,594
2003-02-01,2024-05-14,594
2003-02-01,2024-06-11,594
2003-02-01,2024-07-18,594
2003-02-01,2024-08-13,594
2003-02-01,2024-09-10,594
2003-02-01,2024-10-15,594
2003-02-01,2024-11-12,594
2003-02-01,2024-12-17,594
2003-02-01,2025-01-21,594
2003-02-01,2025-02-18,594
2003-02-01,2025-03-20,594
2003-02-01,2025-04-15,593
2003-02-01,2025-05-13,593
2003-02-01,2025-06-10,593
2003-02-01,2025-07-17,593
2003-02-01,2025-08-12,593
2003-02-01,2025-09-16,593
2003-03-01,2024-02-13,585
2003-03-01,2024-03-12,585
2003-03-01,2024-04-16,585
2003-03-01,2024-05-14,585
2003-03-01,2024-06-11,585
2003-03-01,2024-07-18,585
2003-03-01,2024-08-13,585
2003-03-01,2024-09-10,585
2003-03-01,2024-10-15,585
2003-03-01,2024-11-12,585
2003-03-01,2024-12-17,585
2003-03-01,2025-01-21,585
2003-03-01,2025-02-18,585
2003-03-01,2025-03-20,585
2003-03-01,2025-04-15,585
2003-03-01,2025-05-13,585
2003-03-01,2025-06-10,585
2003-03-01,2025-07-17,585
2003-03-01,2025-08-12,585
2003-03-01,2025-09-16,585
2003-04-01,2024-02-13,588
2003-04-01,2024-03-12,588
2003-04-01,2024-04-16,588
2003-04-01,2024-05-14,588
2003-04-01,2024-06-11,588
2003-04-01,2024-07-18,588
2003-04-01,2024-08-13,588
2003-04-01,2024-09-10,588
2003-04-01,2024-10-15,588
2003-04-01,2024-11-12,588
2003-04-01,2024-12-17,588
2003-04-01,2025-01-21,588
2003-04-01,2025-02-18,588
2003-04-01,2025-03-20,588
2003-04-01,2025-04-15,589
2003-04-01,2025-05-13,589
2003-04-01,2025-06-10,589
2003-04-01,2025-07-17,589
2003-04-01,2025-08-12,589
2003-04-01,2025-09-16,589
2003-05-01,2024-02-13,579
2003-05-01,2024-03-12,579
2003-05-01,2024-04-16,579
2003-05-01,2024-05-14,579
2003-05-01,2024-06-11,579
2003-05-01,2024-07-18,579
2003-05-01,2024-08-13,579
2003-05-01,2024-09-10,579
2003-05-01,2024-10-15,579
2003-05-01,2024-11-12,579
2003-05-01,2024-12-17,579
2003-05-01,2025-01-21,579
2003-05-01,2025-02-18,579
2003-05-01,2025-03-20,579
2003-05-01,2025-04-15,579
2003-05-01,2025-05-13,579
2003-05-01,2025-06-10,579
2003-05-01,2025-07-17,579
2003-05-01,2025-08-12,579
2003-05-01,2025-09-16,579
2003-06-01,2024-02-13,574
2003-06-01,2024-03-12,574
2003-06-01,2024-04-16,574
2003-06-01,2024-05-14,574
2003-06-01,2024-06-11,574
2003-06-01,2024-07-18,574
2003-06-01,2024-08-13,574
2003-06-01,2024-09-10,574
2003-06-01,2024-10-15,574
2003-06-01,2024-11-12,574
2003-06-01,2024-12-17,574
2003-06-01,2025-01-21,574
2003-06-01,2025-02-18,574
2003-06-01,2025-03-20,574
2003-06-01,2025-04-15,574
2003-06-01,2025-05-13,574
2003-06-01,2025-06-10,574
2003-06-01,2025-07-17,574
2003-06-01,2025-08-12,574
2003-06-01,2025-09-16,574
2003-07-01,2024-02-13,576
2003-07-01,2024-03-12,576
2003-07-01,2024-04-16,576
2003-07-01,2024-05-14,576
2003-07-01,2024-06-11,576
2003-07-01,2024-07-18,576
2003-07-01,2024-08-13,576
2003-07-01,2024-09-10,576
2003-07-01,2024-10-15,576
2003-07-01,2024-11-12,576
2003-07-01,2024-12-17,576
2003-07-01,2025-01-21,576
2003-07-01,2025-02-18,576
2003-07-01,2025-03-20,576
2003-07-01,2025-04-15,576
2003-07-01,2025-05-13,576
2003-07-01,2025-06-10,576
2003-07-01,2025-07-17,576
2003-07-01,2025-08-12,576
2003-07-01,2025-09-16,576
2003-08-01,2024-02-13,592
2003-08-01,2024-03-12,592
2003-08-01,2024-04-16,592
2003-08-01,2024-05-14,592
2003-08-01,2024-06-11,592
2003-08-01,2024-07-18,592
2003-08-01,2024-08-13,592
2003-08-01,2024-09-10,592
2003-08-01,2024-10-15,592
2003-08-01,2024-11-12,592
2003-08-01,2024-12-17,592
2003-08-01,2025-01-21,592
2003-08-01,2025-02-18,592
2003-08-01,2025-03-20,592
2003-08-01,2025-04-15,592
2003-08-01,2025-05-13,592
2003-08-01,2025-06-10,592
2003-08-01,2025-07-17,592
2003-08-01,2025-08-12,592
2003-08-01,2025-09-16,592
2003-09-01,2024-02-13,604
2003-09-01,2024-03-12,604
2003-09-01,2024-04-16,604
2003-09-01,2024-05-14,604
2003-09-01,2024-06-11,604
2003-09-01,2024-07-18,604
2003-09-01,2024-08-13,604
2003-09-01,2024-09-10,604
2003-09-01,2024-10-15,604
2003-09-01,2024-11-12,604
2003-09-01,2024-12-17,604
2003-09-01,2025-01-21,604
2003-09-01,2025-02-18,604
2003-09-01,2025-03-20,604
2003-09-01,2025-04-15,604
2003-09-01,2025-05-13,604
2003-09-01,2025-06-10,604
2003-09-01,2025-07-17,604
2003-09-01,2025-08-12,604
2003-09-01,2025-09-16,604
2003-10-01,2024-02-13,610
2003-10-01,2024-03-12,610
2003-10-01,2024-04-16,610
2003-10-01,2024-05-14,610
2003-10-01,2024-06-11,610
2003-10-01,2024-07-18,593
2003-10-01,2024-08-13,593
2003-10-01,2024-09-10,593
2003-10-01,2024-10-15,593
2003-10-01,2024-11-12,610
2003-10-01,2024-12-17,610
2003-10-01,2025-01-21,593
2003-10-01,2025-02-18,593
2003-10-01,2025-03-20,593
2003-10-01,2025-04-15,610
2003-10-01,2025-05-13,610
2003-10-01,2025-06-10,610
2003-10-01,2025-07-17,610
2003-10-01,2025-08-12,610
2003-10-01,2025-09-16,610
2003-11-01,2024-02-13,615
2003-11-01,2024-03-12,615
2003-11-01,2024-04-16,615
2003-11-01,2024-05-14,615
2003-11-01,2024-06-11,615
2003-11-01,2024-07-18,615
2003-11-01,2024-08-13,615
2003-11-01,2024-09-10,615
2003-11-01,2024-10-15,615
2003-11-01,2024-11-12,615
2003-11-01,2024-12-17,615
2003-11-01,2025-01-21,615
2003-11-01,2025-02-18,615
2003-11-01,2025-03-20,615
2003-11-01,2025-04-15,614
2003-11-01,2025-05-13,614
2003-11-01,2025-06-10,614
2003-11-01,2025-07-17,614
2003-11-01,2025-08-12,614
2003-11-01,2025-09-16,614
2003-12-01,2024-02-13,613
2003-12-01,2024-03-12,613
2003-12-01,2024-04-16,613
2003-12-01,2024-05-14,613
2003-12-01,2024-06-11,613
2003-12-01,2024-07-18,613
2003-12-01,2024-08-13,613
2003-12-01,2024-09-10,613
2003-12-01,2024-10-15,613
2003-12-01,2024-11-12,613
2003-12-01,2024-12-17,613
2003-12-01,2025-01-21,613
2003-12-01,2025-02-18,613
2003-12-01,2025-03-20,613
2003-12-01,2025-04-15,613
2003-12-01,2025-05-13,613
2003-12-01,2025-06-10,613
2003-12-01,2025-07-17,613
2003-12-01,2025-08-12,613
2003-12-01,2025-09-16,613
2004-01-01,2024-02-13,617
2004-01-01,2024-03-12,617
2004-01-01,2024-04-16,617
2004-01-01,2024-05-14,617
2004-01-01,2024-06-11,617
2004-01-01,2024-07-18,617
2004-01-01,2024-08-13,617
2004-01-01,2024-09-10,617
2004-01-01,2024-10-15,617
2004-01-01,2024-11-12,617
2004-01-01,2024-12-17,617
2004-01-01,2025-01-21,617
2004-01-01,2025-02-18,617
2004-01-01,2025-03-20,617
2004-01-01,2025-04-15,617
2004-01-01,2025-05-13,617
2004-01-01,2025-06-10,617
2004-01-01,2025-07-17,617
2004-01-01,2025-08-12,617
2004-01-01,2025-09-16,617
2004-02-01,2024-02-13,624
2004-02-01,2024-03-12,624
2004-02-01,2024-04-16,624
2004-02-01,2024-05-14,624
2004-02-01,2024-06-11,624
2004-02-01,2024-07-18,624
2004-02-01,2024-08-13,624
2004-02-01,2024-09-10,624
2004-02-01,2024-10-15,624
2004-02-01,2024-11-12,624
2004-02-01,2024-12-17,624
2004-02-01,2025-01-21,624
2004-02-01,2025-02-18,624
2004-02-01,2025-03-20,624
2004-02-01,2025-04-15,624
2004-02-01,2025-05-13,624
2004-02-01,2025-06-10,624
2004-02-01,2025-07-17,624
2004-02-01,2025-08-12,624
2004-02-01,2025-09-16,624
2004-03-01,2024-02-13,631
2004-03-01,2024-03-12,631
2004-03-01,2024-04-16,631
2004-03-01,2024-05-14,631
2004-03-01,2024-06-11,631
2004-03-01,2024-07-18,631
2004-03-01,2024-08-13,631
2004-03-01,2024-09-10,631
2004-03-01,2024-10-15,631
2004-03-01,2024-11-12,631
2004-03-01,2024-12-17,631
2004-03-01,2025-01-21,631
2004-03-01,2025-02-18,631
2004-03-01,2025-03-20,631
2004-03-01,2025-04-15,630
2004-03-01,2025-05-13,630
2004-03-01,2025-06-10,630
2004-03-01,2025-07-17,630
2004-03-01,2025-08-12,630
2004-03-01,2025-09-16,630
2004-04-01,2024-02-13,636
2004-04-01,2024-03-12,636
2004-04-01,2024-04-16,636
2004-04-01,2024-05-14,636
2004-04-01,2024-06-11,636
2004-04-01,2024-07-18,636
2004-04-01,2024-08-13,636
2004-04-01,2024-09-10,636
2004-04-01,2024-10-15,636
2004-04-01,2024-11-12,636
2004-04-01,2024-12-17,636
2004-04-01,2025-01-21,636
2004-04-01,2025-02-18,636
2004-04-01,2025-03-20,636
2004-04-01,2025-04-15,637
2004-04-01,2025-05-13,637
2004-04-01,2025-06-10,637
2004-04-01,2025-07-17,637
2004-04-01,2025-08-12,637
2004-04-01,2025-09-16,637
2004-05-01,2024-02-13,641
2004-05-01,2024-03-12,641
2004-05-01,2024-04-16,641
2004-05-01,2024-05-14,641
2004-05-01,2024-06-11,641
2004-05-01,2024-07-18,641
2004-05-01,2024-08-13,641
2004-05-01,2024-09-10,641
2004-05-01,2024-10-15,641
2004-05-01,2024-11-12,641
2004-05-01,2024-12-17,641
2004-05-01,2025-01-21,641
2004-05-01,2025-02-18,641
2004-05-01,2025-03-20,641
2004-05-01,2025-04-15,641
2004-05-01,2025-05-13,641
2004-05-01,2025-06-10,641
2004-05-01,2025-07-17,641
2004-05-01,2025-08-12,641
2004-05-01,2025-09-16,641
2004-06-01,2024-02-13,652
2004-06-01,2024-03-12,652
2004-06-01,2024-04-16,652
2004-06-01,2024-05-14,652
2004-06-01,2024-06-11,652
2004-06-01,2024-07-18,652
2004-06-01,2024-08-13,652
2004-06-01,2024-09-10,652
2004-06-01,2024-10-15,652
2004-06-01,2024-11-12,652
2004-06-01,2024-12-17,652
2004-06-01,2025-01-21,652
2004-06-01,2025-02-18,652
2004-06-01,2025-03-20,652
2004-06-01,2025-04-15,652
2004-06-01,2025-05-13,652
2004-06-01,2025-06-10,652
2004-06-01,2025-07-17,652
2004-06-01,2025-08-12,652
2004-06-01,2025-09-16,652
2004-07-01,2024-02-13,654
2004-07-01,2024-03-12,654
2004-07-01,2024-04-16,654
2004-07-01,2024-05-14,654
2004-07-01,2024-06-11,654
2004-07-01,2024-07-18,654
2004-07-01,2024-08-13,654
2004-07-01,2024-09-10,654
2004-07-01,2024-10-15,654
2004-07-01,2024-11-12,654
2004-07-01,2024-12-17,654
2004-07-01,2025-01-21,654
2004-07-01,2025-02-18,654
2004-07-01,2025-03-20,654
2004-07-01,2025-04-15,654
2004-07-01,2025-05-13,654
2004-07-01,2025-06-10,654
2004-07-01,2025-07-17,654
2004-07-01,2025-08-12,654
2004-07-01,2025-09-16,654
2004-08-01,2024-02-13,654
2004-08-01,2024-03-12,654
2004-08-01,2024-04-16,654
2004-08-01,2024-05-14,654
2004-08-01,2024-06-11,654
2004-08-01,2024-07-18,654
2004-08-01,2024-08-13,654
2004-08-01,2024-09-10,654
2004-08-01,2024-10-15,654
2004-08-01,2024-11-12,654
2004-08-01,2024-12-17,654
2004-08-01,2025-01-21,654
2004-08-01,2025-02-18,654
2004-08-01,2025-03-20,654
2004-08-01,2025-04-15,654
2004-08-01,2025-05-13,654
2004-08-01,2025-06-10,654
2004-08-01,2025-07-17,654
2004-08-01,2025-08-12,654
2004-08-01,2025-09-16,654
2004-09-01,2024-02-13,654
2004-09-01,2024-03-12,654
2004-09-01,2024-04-16,654
2004-09-01,2024-05-14,654
2004-09-01,2024-06-11,654
2004-09-01,2024-07-18,654
2004-09-01,2024-08-13,654
2004-09-01,2024-09-10,654
2004-09-01,2024-10-15,654
2004-09-01,2024-11-12,654
2004-09-01,2024-12-17,654
2004-09-01,2025-01-21,654
2004-09-01,2025-02-18,654
2004-09-01,2025-03-20,654
2004-09-01,2025-04-15,655
2004-09-01,2025-05-13,655
2004-09-01,2025-06-10,655
2004-09-01,2025-07-17,655
2004-09-01,2025-08-12,655
2004-09-01,2025-09-16,655
2004-10-01,2024-02-13,658
2004-10-01,2024-03-12,658
2004-10-01,2024-04-16,658
2004-10-01,2024-05-14,658
2004-10-01,2024-06-11,658
2004-10-01,2024-07-18,641
2004-10-01,2024-08-13,641
2004-10-01,2024-09-10,641
2004-10-01,2024-10-15,641
2004-10-01,2024-11-12,641
2004-10-01,2024-12-17,641
2004-10-01,2025-01-21,658
2004-10-01,2025-02-18,658
2004-10-01,2025-03-20,658
2004-10-01,2025-04-15,658
2004-10-01,2025-05-13,658
2004-10-01,2025-06-10,658
2004-10-01,2025-07-17,658
2004-10-01,2025-08-12,658
2004-10-01,2025-09-16,658
2004-11-01,2024-02-13,662
2004-11-01,2024-03-12,662
2004-11-01,2024-04-16,662
2004-11-01,2024-05-14,662
2004-11-01,2024-06-11,662
2004-11-01,2024-07-18,662
2004-11-01,2024-08-13,662
2004-11-01,2024-09-10,662
2004-11-01,2024-10-15,662
2004-11-01,2024-11-12,662
2004-11-01,2024-12-17,662
2004-11-01,2025-01-21,662
2004-11-01,2025-02-18,662
2004-11-01,2025-03-20,662
2004-11-01,2025-04-15,662
2004-11-01,2025-05-13,662
2004-11-01,2025-06-10,662
2004-11-01,2025-07-17,662
2004-11-01,2025-08-12,662
2004-11-01,2025-09-16,662
2004-12-01,2024-02-13,661
2004-12-01,2024-03-12,661
2004-12-01,2024-04-16,661
2004-12-01,2024-05-14,661
2004-12-01,2024-06-11,661
2004-12-01,2024-07-18,661
2004-12-01,2024-08-13,661
2004-12-01,2024-09-10,661
2004-12-01,2024-10-15,661
2004-12-01,2024-11-12,661
2004-12-01,2024-12-17,661
2004-12-01,2025-01-21,661
2004-12-01,2025-02-18,661
2004-12-01,2025-03-20,661
2004-12-01,2025-04-15,661
2004-12-01,2025-05-13,661
2004-12-01,2025-06-10,661
2004-12-01,2025-07-17,661
2004-12-01,2025-08-12,661
2004-12-01,2025-09-16,661
2005-01-01,2024-02-13,655
2005-01-01,2024-03-12,655
2005-01-01,2024-04-16,655
2005-01-01,2024-05-14,655
2005-01-01,2024-06-11,655
2005-01-01,2024-07-18,655
2005-01-01,2024-08-13,655
2005-01-01,2024-09-10,655
2005-01-01,2024-10-15,655
2005-01-01,2024-11-12,655
2005-01-01,2024-12-17,655
2005-01-01,2025-01-21,655
2005-01-01,2025-02-18,655
2005-01-01,2025-03-20,655
2005-01-01,2025-04-15,655
2005-01-01,2025-05-13,655
2005-01-01,2025-06-10,655
2005-01-01,2025-07-17,655
2005-01-01,2025-08-12,655
2005-01-01,2025-09-16,655
2005-02-01,2024-02-13,642
2005-02-01,2024-03-12,642
2005-02-01,2024-04-16,642
2005-02-01,2024-05-14,642
2005-02-01,2024-06-11,642
2005-02-01,2024-07-18,642
2005-02-01,2024-08-13,642
2005-02-01,2024-09-10,642
2005-02-01,2024-10-15,642
2005-02-01,2024-11-12,642
2005-02-01,2024-12-17,642
2005-02-01,2025-01-21,642
2005-02-01,2025-02-18,642
2005-02-01,2025-03-20,642
2005-02-01,2025-04-15,644
2005-02-01,2025-05-13,644
2005-02-01,2025-06-10,644
2005-02-01,2025-07-17,644
2005-02-01,2025-08-12,644
2005-02-01,2025-09-16,644
2005-03-01,2024-02-13,638
2005-03-01,2024-03-12,638
2005-03-01,2024-04-16,638
2005-03-01,2024-05-14,638
2005-03-01,2024-06-11,638
2005-03-01,2024-07-18,638
2005-03-01,2024-08-13,638
2005-03-01,2024-09-10,638
2005-03-01,2024-10-15,638
2005-03-01,2024-11-12,638
2005-03-01,2024-12-17,638
2005-03-01,2025-01-21,638
2005-03-01,2025-02-18,638
2005-03-01,2025-03-20,638
2005-03-01,2025-04-15,636
2005-03-01,2025-05-13,636
2005-03-01,2025-06-10,636
2005-03-01,2025-07-17,636
2005-03-01,2025-08-12,636
2005-03-01,2025-09-16,636
2005-04-01,2024-02-13,642
2005-04-01,2024-03-12,642
2005-04-01,2024-04-16,642
2005-04-01,2024-05-14,642
2005-04-01,2024-06-11,642
2005-04-01,2024-07-18,642
2005-04-01,2024-08-13,642
2005-04-01,2024-09-10,642
2005-04-01,2024-10-15,642
2005-04-01,2024-11-12,642
2005-04-01,2024-12-17,642
2005-04-01,2025-01-21,642
2005-04-01,2025-02-18,642
2005-04-01,2025-03-20,642
2005-04-01,2025-04-15,642
2005-04-01,2025-05-13,642
2005-04-01,2025-06-10,642
2005-04-01,2025-07-17,642
2005-04-01,2025-08-12,642
2005-04-01,2025-09-16,642
2005-05-01,2024-02-13,642
2005-05-01,2024-03-12,642
2005-05-01,2024-04-16,642
2005-05-01,2024-05-14,642
2005-05-01,2024-06-11,642
2005-05-01,2024-07-18,642
2005-05-01,2024-08-13,642
2005-05-01,2024-09-10,642
2005-05-01,2024-10-15,642
2005-05-01,2024-11-12,642
2005-05-01,2024-12-17,642
2005-05-01,2025-01-21,642
2005-05-01,2025-02-18,642
2005-05-01,2025-03-20,642
2005-05-01,2025-04-15,642
2005-05-01,2025-05-13,642
2005-05-01,2025-06-10,642
2005-05-01,2025-07-17,642
2005-05-01,2025-08-12,642
2005-05-01,2025-09-16,642
2005-06-01,2024-02-13,633
2005-06-01,2024-03-12,633
2005-06-01,2024-04-16,633
2005-06-01,2024-05-14,633
2005-06-01,2024-06-11,633
2005-06-01,2024-07-18,633
2005-06-01,2024-08-13,633
2005-06-01,2024-09-10,633
2005-06-01,2024-10-15,633
2005-06-01,2024-11-12,633
2005-06-01,2024-12-17,633
2005-06-01,2025-01-21,633
2005-06-01,2025-02-18,633
2005-06-01,2025-03-20,633
2005-06-01,2025-04-15,633
2005-06-01,2025-05-13,633
2005-06-01,2025-06-10,633
2005-06-01,2025-07-17,633
2005-06-01,2025-08-12,633
2005-06-01,2025-09-16,633
2005-07-01,2024-02-13,624
2005-07-01,2024-03-12,624
2005-07-01,2024-04-16,624
2005-07-01,2024-05-14,624
2005-07-01,2024-06-11,624
2005-07-01,2024-07-18,624
2005-07-01,2024-08-13,624
2005-07-01,2024-09-10,624
2005-07-01,2024-10-15,624
2005-07-01,2024-11-12,624
2005-07-01,2024-12-17,624
2005-07-01,2025-01-21,624
2005-07-01,2025-02-18,624
2005-07-01,2025-03-20,624
2005-07-01,2025-04-15,624
2005-07-01,2025-05-13,624
2005-07-01,2025-06-10,624
2005-07-01,2025-07-17,624
2005-07-01,2025-08-12,624
2005-07-01,2025-09-16,624
2005-08-01,2024-02-13,622
2005-08-01,2024-03-12,622
2005-08-01,2024-04-16,622
2005-08-01,2024-05-14,622
2005-08-01,2024-06-11,622
2005-08-01,2024-07-18,622
2005-08-01,2024-08-13,622
2005-08-01,2024-09-10,622
2005-08-01,2024-10-15,622
2005-08-01,2024-11-12,622
2005-08-01,2024-12-17,622
2005-08-01,2025-01-21,622
2005-08-01,2025-02-18,622
2005-08-01,2025-03-20,622
2005-08-01,2025-04-15,622
2005-08-01,2025-05-13,622
2005-08-01,2025-06-10,622
2005-08-01,2025-07-17,622
2005-08-01,2025-08-12,622
2005-08-01,2025-09-16,622
2005-09-01,2024-02-13,608
2005-09-01,2024-03-12,608
2005-09-01,2024-04-16,608
2005-09-01,2024-05-14,608
2005-09-01,2024-06-11,608
2005-09-01,2024-07-18,608
2005-09-01,2024-08-13,608
2005-09-01,2024-09-10,608
2005-09-01,2024-10-15,608
2005-09-01,2024-11-12,608
2005-09-01,2024-12-17,608
2005-09-01,2025-01-21,608
2005-09-01,2025-02-18,608
2005-09-01,2025-03-20,608
2005-09-01,2025-04-15,608
2005-09-01,2025-05-13,608
2005-09-01,2025-06-10,608
2005-09-01,2025-07-17,608
2005-09-01,2025-08-12,608
2005-09-01,2025-09-16,608
2005-10-01,2024-02-13,632
2005-10-01,2024-03-12,632
2005-10-01,2024-04-16,632
2005-10-01,2024-05-14,606
2005-10-01,2024-06-11,606
2005-10-01,2024-07-18,606
2005-10-01,2024-08-13,606
2005-10-01,2024-09-10,606
2005-10-01,2024-10-15,606
2005-10-01,2024-11-12,632
2005-10-01,2024-12-17,632
2005-10-01,2025-01-21,606
2005-10-01,2025-02-18,606
2005-10-01,2025-03-20,606
2005-10-01,2025-04-15,606
2005-10-01,2025-05-13,606
2005-10-01,2025-06-10,632
2005-10-01,2025-07-17,632
2005-10-01,2025-08-12,606
2005-10-01,2025-09-16,606
2005-11-01,2024-02-13,609
2005-11-01,2024-03-12,609
2005-11-01,2024-04-16,609
2005-11-01,2024-05-14,609
2005-11-01,2024-06-11,609
2005-11-01,2024-07-18,609
2005-11-01,2024-08-13,609
2005-11-01,2024-09-10,609
2005-11-01,2024-10-15,609
2005-11-01,2024-11-12,609
2005-11-01,2024-12-17,609
2005-11-01,2025-01-21,609
2005-11-01,2025-02-18,609
2005-11-01,2025-03-20,609
2005-11-01,2025-04-15,609
2005-11-01,2025-05-13,609
2005-11-01,2025-06-10,609
2005-11-01,2025-07-17,609
2005-11-01,2025-08-12,609
2005-11-01,2025-09-16,609
2005-12-01,2024-02-13,615
2005-12-01,2024-03-12,615
2005-12-01,2024-04-16,615
2005-12-01,2024-05-14,615
2005-12-01,2024-06-11,615
2005-12-01,2024-07-18,615
2005-12-01,2024-08-13,615
2005-12-01,2024-09-10,615
2005-12-01,2024-10-15,615
2005-12-01,2024-11-12,615
2005-12-01,2024-12-17,615
2005-12-01,2025-01-21,615
2005-12-01,2025-02-18,615
2005-12-01,2025-03-20,615
2005-12-01,2025-04-15,615
2005-12-01,2025-05-13,615
2005-12-01,2025-06-10,615
2005-12-01,2025-07-17,615
2005-12-01,2025-08-12,615
2005-12-01,2025-09-16,615
2006-01-01,2024-02-13,612
2006-01-01,2024-03-12,612
2006-01-01,2024-04-16,612
2006-01-01,2024-05-14,612
2006-01-01,2024-06-11,612
2006-01-01,2024-07-18,612
2006-01-01,2024-08-13,612
2006-01-01,2024-09-10,612
2006-01-01,2024-10-15,612
2006-01-01,2024-11-12,612
2006-01-01,2024-12-17,612
2006-01-01,2025-01-21,612
2006-01-01,2025-02-18,612
2006-01-01,2025-03-20,612
2006-01-01,2025-04-15,612
2006-01-01,2025-05-13,612
2006-01-01,2025-06-10,612
2006-01-01,2025-07-17,612
2006-01-01,2025-08-12,612
2006-01-01,2025-09-16,612
2006-02-01,2024-02-13,600
2006-02-01,2024-03-12,600
2006-02-01,2024-04-16,600
2006-02-01,2024-05-14,600
2006-02-01,2024-06-11,600
2006-02-01,2024-07-18,600
2006-02-01,2024-08-13,600
2006-02-01,2024-09-10,600
2006-02-01,2024-10-15,600
2006-02-01,2024-11-12,600
2006-02-01,2024-12-17,600
2006-02-01,2025-01-21,600
2006-02-01,2025-02-18,600
2006-02-01,2025-03-20,600
2006-02-01,2025-04-15,600
2006-02-01,2025-05-13,600
2006-02-01,2025-06-10,600
2006-02-01,2025-07-17,600
2006-02-01,2025-08-12,600
2006-02-01,2025-09-16,600
2006-03-01,2024-02-13,598
2006-03-01,2024-03-12,598
2006-03-01,2024-04-16,598
2006-03-01,2024-05-14,598
2006-03-01,2024-06-11,598
2006-03-01,2024-07-18,598
2006-03-01,2024-08-13,598
2006-03-01,2024-09-10,598
2006-03-01,2024-10-15,598
2006-03-01,2024-11-12,598
2006-03-01,2024-12-17,598
2006-03-01,2025-01-21,598
2006-03-01,2025-02-18,598
2006-03-01,2025-03-20,598
2006-03-01,2025-04-15,597
2006-03-01,2025-05-13,597
2006-03-01,2025-06-10,597
2006-03-01,2025-07-17,597
2006-03-01,2025-08-12,597
2006-03-01,2025-09-16,597
2006-04-01,2024-02-13,597
2006-04-01,2024-03-12,597
2006-04-01,2024-04-16,597
2006-04-01,2024-05-14,597
2006-04-01,2024-06-11,597
2006-04-01,2024-07-18,597
2006-04-01,2024-08-13,597
2006-04-01,2024-09-10,597
2006-04-01,2024-10-15,597
2006-04-01,2024-11-12,597
2006-04-01,2024-12-17,597
2006-04-01,2025-01-21,597
2006-04-01,2025-02-18,597
2006-04-01,2025-03-20,597
2006-04-01,2025-04-15,597
2006-04-01,2025-05-13,597
2006-04-01,2025-06-10,597
2006-04-01,2025-07-17,597
2006-04-01,2025-08-12,597
2006-04-01,2025-09-16,597
2006-05-01,2024-02-13,604
2006-05-01,2024-03-12,604
2006-05-01,2024-04-16,604
2006-05-01,2024-05-14,604
2006-05-01,2024-06-11,604
2006-05-01,2024-07-18,604
2006-05-01,2024-08-13,604
2006-05-01,2024-09-10,604
2006-05-01,2024-10-15,604
2006-05-01,2024-11-12,604
2006-05-01,2024-12-17,604
2006-05-01,2025-01-21,604
2006-05-01,2025-02-18,604
2006-05-01,2025-03-20,604
2006-05-01,2025-04-15,604
2006-05-01,2025-05-13,604
2006-05-01,2025-06-10,604
2006-05-01,2025-07-17,604
2006-05-01,2025-08-12,604
2006-05-01,2025-09-16,604
2006-06-01,2024-02-13,607
2006-06-01,2024-03-12,607
2006-06-01,2024-04-16,607
2006-06-01,2024-05-14,607
2006-06-01,2024-06-11,607
2006-06-01,2024-07-18,607
2006-06-01,2024-08-13,607
2006-06-01,2024-09-10,607
2006-06-01,2024-10-15,607
2006-06-01,2024-11-12,607
2006-06-01,2024-12-17,607
2006-06-01,2025-01-21,607
2006-06-01,2025-02-18,607
2006-06-01,2025-03-20,607
2006-06-01,2025-04-15,607
2006-06-01,2025-05-13,607
2006-06-01,2025-06-10,607
2006-06-01,2025-07-17,607
2006-06-01,2025-08-12,607
2006-06-01,2025-09-16,607
2006-07-01,2024-02-13,611
2006-07-01,2024-03-12,611
2006-07-01,2024-04-16,611
2006-07-01,2024-05-14,611
2006-07-01,2024-06-11,611
2006-07-01,2024-07-18,611
2006-07-01,2024-08-13,611
2006-07-01,2024-09-10,611
2006-07-01,2024-10-15,611
2006-07-01,2024-11-12,611
2006-07-01,2024-12-17,611
2006-07-01,2025-01-21,611
2006-07-01,2025-02-18,611
2006-07-01,2025-03-20,611
2006-07-01,2025-04-15,610
2006-07-01,2025-05-13,610
2006-07-01,2025-06-10,610
2006-07-01,2025-07-17,610
2006-07-01,2025-08-12,610
2006-07-01,2025-09-16,610
2006-08-01,2024-02-13,611
2006-08-01,2024-03-12,611
2006-08-01,2024-04-16,611
2006-08-01,2024-05-14,611
2006-08-01,2024-06-11,611
2006-08-01,2024-07-18,611
2006-08-01,2024-08-13,611
2006-08-01,2024-09-10,611
2006-08-01,2024-10-15,611
2006-08-01,2024-11-12,611
2006-08-01,2024-12-17,611
2006-08-01,2025-01-21,611
2006-08-01,2025-02-18,611
2006-08-01,2025-03-20,611
2006-08-01,2025-04-15,611
2006-08-01,2025-05-13,611
2006-08-01,2025-06-10,611
2006-08-01,2025-07-17,611
2006-08-01,2025-08-12,611
2006-08-01,2025-09-16,611
2006-09-01,2024-02-13,618
2006-09-01,2024-03-12,618
2006-09-01,2024-04-16,618
2006-09-01,2024-05-14,618
2006-09-01,2024-06-11,618
2006-09-01,2024-07-18,618
2006-09-01,2024-08-13,618
2006-09-01,2024-09-10,618
2006-09-01,2024-10-15,618
2006-09-01,2024-11-12,618
2006-09-01,2024-12-17,618
2006-09-01,2025-01-21,618
2006-09-01,2025-02-18,618
2006-09-01,2025-03-20,618
2006-09-01,2025-04-15,618
2006-09-01,2025-05-13,618
2006-09-01,2025-06-10,618
2006-09-01,2025-07-17,618
2006-09-01,2025-08-12,618
2006-09-01,2025-09-16,618
2006-10-01,2024-02-13,609
2006-10-01,2024-03-12,609
2006-10-01,2024-04-16,609
2006-10-01,2024-05-14,609
2006-10-01,2024-06-11,609
2006-10-01,2024-07-18,609
2006-10-01,2024-08-13,609
2006-10-01,2024-09-10,609
2006-10-01,2024-10-15,609
2006-10-01,2024-11-12,609
2006-10-01,2024-12-17,609
2006-10-01,2025-01-21,609
2006-10-01,2025-02-18,609
2006-10-01,2025-03-20,609
2006-10-01,2025-04-15,609
2006-10-01,2025-05-13,609
2006-10-01,2025-06-10,609
2006-10-01,2025-07-17,609
2006-10-01,2025-08-12,620
2006-10-01,2025-09-16,620
2006-11-01,2024-02-13,620
2006-11-01,2024-03-12,620
2006-11-01,2024-04-16,620
2006-11-01,2024-05-14,620
2006-11-01,2024-06-11,620
2006-11-01,2024-07-18,620
2006-11-01,2024-08-13,620
2006-11-01,2024-09-10,620
2006-11-01,2024-10-15,620
2006-11-01,2024-11-12,620
2006-11-01,2024-12-17,620
2006-11-01,2025-01-21,620
2006-11-01,2025-02-18,620
2006-11-01,2025-03-20,620
2006-11-01,2025-04-15,620
2006-11-01,2025-05-13,620
2006-11-01,2025-06-10,620
2006-11-01,2025-07-17,620
2006-11-01,2025-08-12,620
2006-11-01,2025-09-16,620
2006-12-01,2024-02-13,619
2006-12-01,2024-03-12,619
2006-12-01,2024-04-16,619
2006-12-01,2024-05-14,619
2006-12-01,2024-06-11,619
2006-12-01,2024-07-18,619
2006-12-01,2024-08-13,619
2006-12-01,2024-09-10,619
2006-12-01,2024-10-15,619
2006-12-01,2024-11-12,619
2006-12-01,2024-12-17,619
2006-12-01,2025-01-21,619
2006-12-01,2025-02-18,619
2006-12-01,2025-03-20,619
2006-12-01,2025-04-15,619
2006-12-01,2025-05-13,619
2006-12-01,2025-06-10,619
2006-12-01,2025-07-17,619
2006-12-01,2025-08-12,619
2006-12-01,2025-09-16,619
2007-01-01,2024-02-13,629
2007-01-01,2024-03-12,629
2007-01-01,2024-04-16,629
2007-01-01,2024-05-14,629
2007-01-01,2024-06-11,629
2007-01-01,2024-07-18,629
2007-01-01,2024-08-13,629
2007-01-01,2024-09-10,629
2007-01-01,2024-10-15,629
2007-01-01,2024-11-12,629
2007-01-01,2024-12-17,629
2007-01-01,2025-01-21,629
2007-01-01,2025-02-18,629
2007-01-01,2025-03-20,629
2007-01-01,2025-04-15,629
2007-01-01,2025-05-13,629
2007-01-01,2025-06-10,629
2007-01-01,2025-07-17,629
2007-01-01,2025-08-12,629
2007-01-01,2025-09-16,629
2007-02-01,2024-02-13,642
2007-02-01,2024-03-12,642
2007-02-01,2024-04-16,642
2007-02-01,2024-05-14,642
2007-02-01,2024-06-11,642
2007-02-01,2024-07-18,642
2007-02-01,2024-08-13,642
2007-02-01,2024-09-10,642
2007-02-01,2024-10-15,642
2007-02-01,2024-11-12,642
2007-02-01,2024-12-17,642
2007-02-01,2025-01-21,642
2007-02-01,2025-02-18,642
2007-02-01,2025-03-20,642
2007-02-01,2025-04-15,642
2007-02-01,2025-05-13,642
2007-02-01,2025-06-10,642
2007-02-01,2025-07-17,642
2007-02-01,2025-08-12,642
2007-02-01,2025-09-16,642
2007-03-01,2024-02-13,648
2007-03-01,2024-03-12,648
2007-03-01,2024-04-16,648
2007-03-01,2024-05-14,648
2007-03-01,2024-06-11,648
2007-03-01,2024-07-18,648
2007-03-01,2024-08-13,648
2007-03-01,2024-09-10,648
2007-03-01,2024-10-15,648
2007-03-01,2024-11-12,648
2007-03-01,2024-12-17,648
2007-03-01,2025-01-21,648
2007-03-01,2025-02-18,648
2007-03-01,2025-03-20,648
2007-03-01,2025-04-15,647
2007-03-01,2025-05-13,647
2007-03-01,2025-06-10,647
2007-03-01,2025-07-17,647
2007-03-01,2025-08-12,647
2007-03-01,2025-09-16,647
2007-04-01,2024-02-13,651
2007-04-01,2024-03-12,651
2007-04-01,2024-04-16,651
2007-04-01,2024-05-14,651
2007-04-01,2024-06-11,651
2007-04-01,2024-07-18,651
2007-04-01,2024-08-13,651
2007-04-01,2024-09-10,651
2007-04-01,2024-10-15,651
2007-04-01,2024-11-12,651
2007-04-01,2024-12-17,651
2007-04-01,2025-01-21,651
2007-04-01,2025-02-18,651
2007-04-01,2025-03-20,651
2007-04-01,2025-04-15,651
2007-04-01,2025-05-13,651
2007-04-01,2025-06-10,651
2007-04-01,2025-07-17,651
2007-04-01,2025-08-12,651
2007-04-01,2025-09-16,651
2007-05-01,2024-02-13,658
2007-05-01,2024-03-12,658
2007-05-01,2024-04-16,659
2007-05-01,2024-05-14,659
2007-05-01,2024-06-11,659
2007-05-01,2024-07-18,659
2007-05-01,2024-08-13,659
2007-05-01,2024-09-10,659
2007-05-01,2024-10-15,659
2007-05-01,2024-11-12,659
2007-05-01,2024-12-17,659
2007-05-01,2025-01-21,659
2007-05-01,2025-02-18,659
2007-05-01,2025-03-20,659
2007-05-01,2025-04-15,659
2007-05-01,2025-05-13,659
2007-05-01,2025-06-10,659
2007-05-01,2025-07-17,659
2007-05-01,2025-08-12,659
2007-05-01,2025-09-16,659
2007-06-01,2024-02-13,670
2007-06-01,2024-03-12,670
2007-06-01,2024-04-16,670
2007-06-01,2024-05-14,670
2007-06-01,2024-06-11,670
2007-06-01,2024-07-18,670
2007-06-01,2024-08-13,670
2007-06-01,2024-09-10,670
2007-06-01,2024-10-15,670
2007-06-01,2024-11-12,670
2007-06-01,2024-12-17,670
2007-06-01,2025-01-21,670
2007-06-01,2025-02-18,670
2007-06-01,2025-03-20,670
2007-06-01,2025-04-15,670
2007-06-01,2025-05-13,670
2007-06-01,2025-06-10,670
2007-06-01,2025-07-17,670
2007-06-01,2025-08-12,670
2007-06-01,2025-09-16,670
2007-07-01,2024-02-13,681
2007-07-01,2024-03-12,681
2007-07-01,2024-04-16,681
2007-07-01,2024-05-14,681
2007-07-01,2024-06-11,681
2007-07-01,2024-07-18,681
2007-07-01,2024-08-13,681
2007-07-01,2024-09-10,681
2007-07-01,2024-10-15,681
2007-07-01,2024-11-12,681
2007-07-01,2024-12-17,681
2007-07-01,2025-01-21,681
2007-07-01,2025-02-18,681
2007-07-01,2025-03-20,681
2007-07-01,2025-04-15,681
2007-07-01,2025-05-13,681
2007-07-01,2025-06-10,681
2007-07-01,2025-07-17,681
2007-07-01,2025-08-12,681
2007-07-01,2025-09-16,681
2007-08-01,2024-02-13,683
2007-08-01,2024-03-12,683
2007-08-01,2024-04-16,683
2007-08-01,2024-05-14,683
2007-08-01,2024-06-11,683
2007-08-01,2024-07-18,683
2007-08-01,2024-08-13,683
2007-08-01,2024-09-10,683
2007-08-01,2024-10-15,683
2007-08-01,2024-11-12,683
2007-08-01,2024-12-17,683
2007-08-01,2025-01-21,683
2007-08-01,2025-02-18,683
2007-08-01,2025-03-20,683
2007-08-01,2025-04-15,684
2007-08-01,2025-05-13,684
2007-08-01,2025-06-10,684
2007-08-01,2025-07-17,684
2007-08-01,2025-08-12,684
2007-08-01,2025-09-16,684
2007-09-01,2024-02-13,686
2007-09-01,2024-03-12,686
2007-09-01,2024-04-16,686
2007-09-01,2024-05-14,686
2007-09-01,2024-06-11,686
2007-09-01,2024-07-18,686
2007-09-01,2024-08-13,686
2007-09-01,2024-09-10,686
2007-09-01,2024-10-15,686
2007-09-01,2024-11-12,686
2007-09-01,2024-12-17,686
2007-09-01,2025-01-21,686
2007-09-01,2025-02-18,686
2007-09-01,2025-03-20,686
2007-09-01,2025-04-15,686
2007-09-01,2025-05-13,686
2007-09-01,2025-06-10,686
2007-09-01,2025-07-17,686
2007-09-01,2025-08-12,686
2007-09-01,2025-09-16,686
2007-10-01,2024-02-13,691
2007-10-01,2024-03-12,691
2007-10-01,2024-04-16,691
2007-10-01,2024-05-14,691
2007-10-01,2024-06-11,691
2007-10-01,2024-07-18,662
2007-10-01,2024-08-13,662
2007-10-01,2024-09-10,662
2007-10-01,2024-10-15,662
2007-10-01,2024-11-12,662
2007-10-01,2024-12-17,662
2007-10-01,2025-01-21,662
2007-10-01,2025-02-18,662
2007-10-01,2025-03-20,662
2007-10-01,2025-04-15,662
2007-10-01,2025-05-13,662
2007-10-01,2025-06-10,662
2007-10-01,2025-07-17,662
2007-10-01,2025-08-12,662
2007-10-01,2025-09-16,662
2007-11-01,2024-02-13,687
2007-11-01,2024-03-12,687
2007-11-01,2024-04-16,687
2007-11-01,2024-05-14,687
2007-11-01,2024-06-11,687
2007-11-01,2024-07-18,687
2007-11-01,2024-08-13,687
2007-11-01,2024-09-10,687
2007-11-01,2024-10-15,687
2007-11-01,2024-11-12,687
2007-11-01,2024-12-17,687
2007-11-01,2025-01-21,687
2007-11-01,2025-02-18,687
2007-11-01,2025-03-20,687
2007-11-01,2025-04-15,687
2007-11-01,2025-05-13,687
2007-11-01,2025-06-10,687
2007-11-01,2025-07-17,687
2007-11-01,2025-08-12,687
2007-11-01,2025-09-16,687
2007-12-01,2024-02-13,678
2007-12-01,2024-03-12,678
2007-12-01,2024-04-16,678
2007-12-01,2024-05-14,678
2007-12-01,2024-06-11,678
2007-12-01,2024-07-18,678
2007-12-01,2024-08-13,678
2007-12-01,2024-09-10,678
2007-12-01,2024-10-15,678
2007-12-01,2024-11-12,678
2007-12-01,2024-12-17,678
2007-12-01,2025-01-21,678
2007-12-01,2025-02-18,678
2007-12-01,2025-03-20,678
2007-12-01,2025-04-15,679
2007-12-01,2025-05-13,679
2007-12-01,2025-06-10,679
2007-12-01,2025-07-17,679
2007-12-01,2025-08-12,679
2007-12-01,2025-09-16,679
2008-01-01,2024-02-13,687
2008-01-01,2024-03-12,687
2008-01-01,2024-04-16,687
2008-01-01,2024-05-14,687
2008-01-01,2024-06-11,687
2008-01-01,2024-07-18,687
2008-01-01,2024-08-13,687
2008-01-01,2024-09-10,687
2008-01-01,2024-10-15,687
2008-01-01,2024-11-12,687
2008-01-01,2024-12-17,687
2008-01-01,2025-01-21,687
2008-01-01,2025-02-18,687
2008-01-01,2025-03-20,687
2008-01-01,2025-04-15,687
2008-01-01,2025-05-13,687
2008-01-01,2025-06-10,687
2008-01-01,2025-07-17,687
2008-01-01,2025-08-12,687
2008-01-01,2025-09-16,687
2008-02-01,2024-02-13,697
2008-02-01,2024-03-12,697
2008-02-01,2024-04-16,697
2008-02-01,2024-05-14,697
2008-02-01,2024-06-11,697
2008-02-01,2024-07-18,697
2008-02-01,2024-08-13,697
2008-02-01,2024-09-10,697
2008-02-01,2024-10-15,697
2008-02-01,2024-11-12,697
2008-02-01,2024-12-17,697
2008-02-01,2025-01-21,697
2008-02-01,2025-02-18,697
2008-02-01,2025-03-20,697
2008-02-01,2025-04-15,698
2008-02-01,2025-05-13,698
2008-02-01,2025-06-10,698
2008-02-01,2025-07-17,698
2008-02-01,2025-08-12,698
2008-02-01,2025-09-16,698
2008-03-01,2024-02-13,696
2008-03-01,2024-03-12,696
2008-03-01,2024-04-16,696
2008-03-01,2024-05-14,696
2008-03-01,2024-06-11,696
2008-03-01,2024-07-18,696
2008-03-01,2024-08-13,696
2008-03-01,2024-09-10,696
2008-03-01,2024-10-15,696
2008-03-01,2024-11-12,696
2008-03-01,2024-12-17,696
2008-03-01,2025-01-21,696
2008-03-01,2025-02-18,696
2008-03-01,2025-03-20,696
2008-03-01,2025-04-15,694
2008-03-01,2025-05-13,694
2008-03-01,2025-06-10,694
2008-03-01,2025-07-17,694
2008-03-01,2025-08-12,694
2008-03-01,2025-09-16,694
2008-04-01,2024-02-13,679
2008-04-01,2024-03-12,679
2008-04-01,2024-04-16,679
2008-04-01,2024-05-14,679
2008-04-01,2024-06-11,679
2008-04-01,2024-07-18,679
2008-04-01,2024-08-13,679
2008-04-01,2024-09-10,679
2008-04-01,2024-10-15,679
2008-04-01,2024-11-12,679
2008-04-01,2024-12-17,679
2008-04-01,2025-01-21,679
2008-04-01,2025-02-18,679
2008-04-01,2025-03-20,679
2008-04-01,2025-04-15,679
2008-04-01,2025-05-13,679
2008-04-01,2025-06-10,679
2008-04-01,2025-07-17,679
2008-04-01,2025-08-12,679
2008-04-01,2025-09-16,679
2008-05-01,2024-02-13,657
2008-05-01,2024-03-12,657
2008-05-01,2024-04-16,657
2008-05-01,2024-05-14,657
2008-05-01,2024-06-11,657
2008-05-01,2024-07-18,657
2008-05-01,2024-08-13,657
2008-05-01,2024-09-10,657
2008-05-01,2024-10-15,657
2008-05-01,2024-11-12,657
2008-05-01,2024-12-17,657
2008-05-01,2025-01-21,657
2008-05-01,2025-02-18,657
2008-05-01,2025-03-20,657
2008-05-01,2025-04-15,657
2008-05-01,2025-05-13,657
2008-05-01,2025-06-10,657
2008-05-01,2025-07-17,657
2008-05-01,2025-08-12,657
2008-05-01,2025-09-16,657
2008-06-01,2024-02-13,643
2008-06-01,2024-03-12,643
2008-06-01,2024-04-16,643
2008-06-01,2024-05-14,643
2008-06-01,2024-06-11,643
2008-06-01,2024-07-18,643
2008-06-01,2024-08-13,643
2008-06-01,2024-09-10,643
2008-06-01,2024-10-15,643
2008-06-01,2024-11-12,643
2008-06-01,2024-12-17,643
2008-06-01,2025-01-21,643
2008-06-01,2025-02-18,643
2008-06-01,2025-03-20,643
2008-06-01,2025-04-15,643
2008-06-01,2025-05-13,643
2008-06-01,2025-06-10,643
2008-06-01,2025-07-17,643
2008-06-01,2025-08-12,643
2008-06-01,2025-09-16,643
2008-07-01,2024-02-13,624
2008-07-01,2024-03-12,624
2008-07-01,2024-04-16,624
2008-07-01,2024-05-14,624
2008-07-01,2024-06-11,624
2008-07-01,2024-07-18,624
2008-07-01,2024-08-13,624
2008-07-01,2024-09-10,624
2008-07-01,2024-10-15,624
2008-07-01,2024-11-12,624
2008-07-01,2024-12-17,624
2008-07-01,2025-01-21,624
2008-07-01,2025-02-18,624
2008-07-01,2025-03-20,624
2008-07-01,2025-04-15,624
2008-07-01,2025-05-13,624
2008-07-01,2025-06-10,624
2008-07-01,2025-07-17,624
2008-07-01,2025-08-12,624
2008-07-01,2025-09-16,624
2008-08-01,2024-02-13,615
2008-08-01,2024-03-12,615
2008-08-01,2024-04-16,615
2008-08-01,2024-05-14,615
2008-08-01,2024-06-11,615
2008-08-01,2024-07-18,615
2008-08-01,2024-08-13,615
2008-08-01,2024-09-10,615
2008-08-01,2024-10-15,615
2008-08-01,2024-11-12,615
2008-08-01,2024-12-17,615
2008-08-01,2025-01-21,615
2008-08-01,2025-02-18,615
2008-08-01,2025-03-20,615
2008-08-01,2025-04-15,615
2008-08-01,2025-05-13,615
2008-08-01,2025-06-10,615
2008-08-01,2025-07-17,615
2008-08-01,2025-08-12,615
2008-08-01,2025-09-16,615
2008-09-01,2024-02-13,596
2008-09-01,2024-03-12,596
2008-09-01,2024-04-16,596
2008-09-01,2024-05-14,596
2008-09-01,2024-06-11,596
2008-09-01,2024-07-18,596
2008-09-01,2024-08-13,596
2008-09-01,2024-09-10,596
2008-09-01,2024-10-15,596
2008-09-01,2024-11-12,596
2008-09-01,2024-12-17,596
2008-09-01,2025-01-21,596
2008-09-01,2025-02-18,596
2008-09-01,2025-03-20,596
2008-09-01,2025-04-15,596
2008-09-01,2025-05-13,596
2008-09-01,2025-06-10,596
2008-09-01,2025-07-17,596
2008-09-01,2025-08-12,596
2008-09-01,2025-09-16,596
2008-10-01,2024-02-13,562
2008-10-01,2024-03-12,562
2008-10-01,2024-04-16,562
2008-10-01,2024-05-14,562
2008-10-01,2024-06-11,562
2008-10-01,2024-07-18,638
2008-10-01,2024-08-13,638
2008-10-01,2024-09-10,562
2008-10-01,2024-10-15,562
2008-10-01,2024-11-12,638
2008-10-01,2024-12-17,638
2008-10-01,2025-01-21,638
2008-10-01,2025-02-18,638
2008-10-01,2025-03-20,638
2008-10-01,2025-04-15,638
2008-10-01,2025-05-13,638
2008-10-01,2025-06-10,562
2008-10-01,2025-07-17,562
2008-10-01,2025-08-12,562
2008-10-01,2025-09-16,562
2008-11-01,2024-02-13,527
2008-11-01,2024-03-12,527
2008-11-01,2024-04-16,527
2008-11-01,2024-05-14,527
2008-11-01,2024-06-11,527
2008-11-01,2024-07-18,527
2008-11-01,2024-08-13,527
2008-11-01,2024-09-10,527
2008-11-01,2024-10-15,527
2008-11-01,2024-11-12,527
2008-11-01,2024-12-17,527
2008-11-01,2025-01-21,527
2008-11-01,2025-02-18,527
2008-11-01,2025-03-20,527
2008-11-01,2025-04-15,527
2008-11-01,2025-05-13,527
2008-11-01,2025-06-10,527
2008-11-01,2025-07-17,527
2008-11-01,2025-08-12,527
2008-11-01,2025-09-16,527
2008-12-01,2024-02-13,497
2008-12-01,2024-03-12,497
2008-12-01,2024-04-16,497
2008-12-01,2024-05-14,497
2008-12-01,2024-06-11,497
2008-12-01,2024-07-18,497
2008-12-01,2024-08-13,497
2008-12-01,2024-09-10,497
2008-12-01,2024-10-15,497
2008-12-01,2024-11-12,497
2008-12-01,2024-12-17,497
2008-12-01,2025-01-21,497
2008-12-01,2025-02-18,497
2008-12-01,2025-03-20,497
2008-12-01,2025-04-15,498
2008-12-01,2025-05-13,498
2008-12-01,2025-06-10,498
2008-12-01,2025-07-17,498
2008-12-01,2025-08-12,498
2008-12-01,2025-09-16,498
2009-01-01,2024-02-13,478
2009-01-01,2024-03-12,478
2009-01-01,2024-04-16,478
2009-01-01,2024-05-14,478
2009-01-01,2024-06-11,478
2009-01-01,2024-07-18,478
2009-01-01,2024-08-13,478
2009-01-01,2024-09-10,478
2009-01-01,2024-10-15,478
2009-01-01,2024-11-12,478
2009-01-01,2024-12-17,478
2009-01-01,2025-01-21,478
2009-01-01,2025-02-18,478
2009-01-01,2025-03-20,478
2009-01-01,2025-04-15,478
2009-01-01,2025-05-13,478
2009-01-01,2025-06-10,478
2009-01-01,2025-07-17,478
2009-01-01,2025-08-12,478
2009-01-01,2025-09-16,478
2009-02-01,2024-02-13,465
2009-02-01,2024-03-12,465
2009-02-01,2024-04-16,465
2009-02-01,2024-05-14,465
2009-02-01,2024-06-11,465
2009-02-01,2024-07-18,465
2009-02-01,2024-08-13,465
2009-02-01,2024-09-10,465
2009-02-01,2024-10-15,465
2009-02-01,2024-11-12,465
2009-02-01,2024-12-17,465
2009-02-01,2025-01-21,465
2009-02-01,2025-02-18,465
2009-02-01,2025-03-20,465
2009-02-01,2025-04-15,464
2009-02-01,2025-05-13,464
2009-02-01,2025-06-10,464
2009-02-01,2025-07-17,464
2009-02-01,2025-08-12,464
2009-02-01,2025-09-16,464
2009-03-01,2024-02-13,455
2009-03-01,2024-03-12,455
2009-03-01,2024-04-16,455
2009-03-01,2024-05-14,455
2009-03-01,2024-06-11,455
2009-03-01,2024-07-18,455
2009-03-01,2024-08-13,455
2009-03-01,2024-09-10,455
2009-03-01,2024-10-15,455
2009-03-01,2024-11-12,455
2009-03-01,2024-12-17,455
2009-03-01,2025-01-21,455
2009-03-01,2025-02-18,455
2009-03-01,2025-03-20,455
2009-03-01,2025-04-15,454
2009-03-01,2025-05-13,454
2009-03-01,2025-06-10,454
2009-03-01,2025-07-17,454
2009-03-01,2025-08-12,454
2009-03-01,2025-09-16,454
2009-04-01,2024-02-13,443
2009-04-01,2024-03-12,443
2009-04-01,2024-04-16,443
2009-04-01,2024-05-14,443
2009-04-01,2024-06-11,443
2009-04-01,2024-07-18,443
2009-04-01,2024-08-13,443
2009-04-01,2024-09-10,443
2009-04-01,2024-10-15,443
2009-04-01,2024-11-12,443
2009-04-01,2024-12-17,443
2009-04-01,2025-01-21,443
2009-04-01,2025-02-18,443
2009-04-01,2025-03-20,443
2009-04-01,2025-04-15,444
2009-04-01,2025-05-13,444
2009-04-01,2025-06-10,444
2009-04-01,2025-07-17,444
2009-04-01,2025-08-12,444
2009-04-01,2025-09-16,444
2009-05-01,2024-02-13,431
2009-05-01,2024-03-12,431
2009-05-01,2024-04-16,431
2009-05-01,2024-05-14,431
2009-05-01,2024-06-11,431
2009-05-01,2024-07-18,431
2009-05-01,2024-08-13,431
2009-05-01,2024-09-10,431
2009-05-01,2024-10-15,431
2009-05-01,2024-11-12,431
2009-05-01,2024-12-17,431
2009-05-01,2025-01-21,431
2009-05-01,2025-02-18,431
2009-05-01,2025-03-20,431
2009-05-01,2025-04-15,431
2009-05-01,2025-05-13,431
2009-05-01,2025-06-10,431
2009-05-01,2025-07-17,431
2009-05-01,2025-08-12,431
2009-05-01,2025-09-16,431
2009-06-01,2024-02-13,430
2009-06-01,2024-03-12,430
2009-06-01,2024-04-16,430
2009-06-01,2024-05-14,430
2009-06-01,2024-06-11,430
2009-06-01,2024-07-18,430
2009-06-01,2024-08-13,430
2009-06-01,2024-09-10,430
2009-06-01,2024-10-15,430
2009-06-01,2024-11-12,430
2009-06-01,2024-12-17,430
2009-06-01,2025-01-21,430
2009-06-01,2025-02-18,430
2009-06-01,2025-03-20,430
2009-06-01,2025-04-15,429
2009-06-01,2025-05-13,429
2009-06-01,2025-06-10,429
2009-06-01,2025-07-17,429
2009-06-01,2025-08-12,429
2009-06-01,2025-09-16,429
2009-07-01,2024-02-13,438
2009-07-01,2024-03-12,438
2009-07-01,2024-04-16,438
2009-07-01,2024-05-14,438
2009-07-01,2024-06-11,438
2009-07-01,2024-07-18,438
2009-07-01,2024-08-13,438
2009-07-01,2024-09-10,438
2009-07-01,2024-10-15,438
2009-07-01,2024-11-12,438
2009-07-01,2024-12-17,438
2009-07-01,2025-01-21,438
2009-07-01,2025-02-18,438
2009-07-01,2025-03-20,438
2009-07-01,2025-04-15,438
2009-07-01,2025-05-13,438
2009-07-01,2025-06-10,438
2009-07-01,2025-07-17,438
2009-07-01,2025-08-12,438
2009-07-01,2025-09-16,438
2009-08-01,2024-02-13,436
2009-08-01,2024-03-12,436
2009-08-01,2024-04-16,436
2009-08-01,2024-05-14,436
2009-08-01,2024-06-11,436
2009-08-01,2024-07-18,436
2009-08-01,2024-08-13,436
2009-08-01,2024-09-10,436
2009-08-01,2024-10-15,436
2009-08-01,2024-11-12,436
2009-08-01,2024-12-17,436
2009-08-01,2025-01-21,436
2009-08-01,2025-02-18,436
2009-08-01,2025-03-20,436
2009-08-01,2025-04-15,436
2009-08-01,2025-05-13,436
2009-08-01,2025-06-10,436
2009-08-01,2025-07-17,436
2009-08-01,2025-08-12,436
2009-08-01,2025-09-16,436
2009-09-01,2024-02-13,432
2009-09-01,2024-03-12,432
2009-09-01,2024-04-16,432
2009-09-01,2024-05-14,432
2009-09-01,2024-06-11,432
2009-09-01,2024-07-18,432
2009-09-01,2024-08-13,432
2009-09-01,2024-09-10,432
2009-09-01,2024-10-15,432
2009-09-01,2024-11-12,432
2009-09-01,2024-12-17,432
2009-09-01,2025-01-21,432
2009-09-01,2025-02-18,432
2009-09-01,2025-03-20,432
2009-09-01,2025-04-15,432
2009-09-01,2025-05-13,432
2009-09-01,2025-06-10,432
2009-09-01,2025-07-17,432
2009-09-01,2025-08-12,432
2009-09-01,2025-09-16,432
2009-10-01,2024-02-13,450
2009-10-01,2024-03-12,437
2009-10-01,2024-04-16,437
2009-10-01,2024-05-14,450
2009-10-01,2024-06-11,450
2009-10-01,2024-07-18,450
2009-10-01,2024-08-13,450
2009-10-01,2024-09-10,437
2009-10-01,2024-10-15,437
2009-10-01,2024-11-12,450
2009-10-01,2024-12-17,450
2009-10-01,2025-01-21,450
2009-10-01,2025-02-18,437
2009-10-01,2025-03-20,437
2009-10-01,2025-04-15,450
2009-10-01,2025-05-13,450
2009-10-01,2025-06-10,450
2009-10-01,2025-07-17,450
2009-10-01,2025-08-12,450
2009-10-01,2025-09-16,450
2009-11-01,2024-02-13,454
2009-11-01,2024-03-12,454
2009-11-01,2024-04-16,454
2009-11-01,2024-05-14,454
2009-11-01,2024-06-11,454
2009-11-01,2024-07-18,454
2009-11-01,2024-08-13,454
2009-11-01,2024-09-10,454
2009-11-01,2024-10-15,454
2009-11-01,2024-11-12,454
2009-11-01,2024-12-17,454
2009-11-01,2025-01-21,454
2009-11-01,2025-02-18,454
2009-11-01,2025-03-20,454
2009-11-01,2025-04-15,454
2009-11-01,2025-05-13,454
2009-11-01,2025-06-10,454
2009-11-01,2025-07-17,454
2009-11-01,2025-08-12,454
2009-11-01,2025-09-16,454
2009-12-01,2024-02-13,463
2009-12-01,2024-03-12,463
2009-12-01,2024-04-16,463
2009-12-01,2024-05-14,463
2009-12-01,2024-06-11,463
2009-12-01,2024-07-18,463
2009-12-01,2024-08-13,463
2009-12-01,2024-09-10,463
2009-12-01,2024-10-15,463
2009-12-01,2024-11-12,463
2009-12-01,2024-12-17,463
2009-12-01,2025-01-21,463
2009-12-01,2025-02-18,463
2009-12-01,2025-03-20,463
2009-12-01,2025-04-15,464
2009-12-01,2025-05-13,464
2009-12-01,2025-06-10,464
2009-12-01,2025-07-17,464
2009-12-01,2025-08-12,464
2009-12-01,2025-09-16,464
2010-01-01,2024-02-13,467
2010-01-01,2024-03-12,467
2010-01-01,2024-04-16,467
2010-01-01,2024-05-14,467
2010-01-01,2024-06-11,467
2010-01-01,2024-07-18,467
2010-01-01,2024-08-13,467
2010-01-01,2024-09-10,467
2010-01-01,2024-10-15,467
2010-01-01,2024-11-12,467
2010-01-01,2024-12-17,467
2010-01-01,2025-01-21,467
2010-01-01,2025-02-18,467
2010-01-01,2025-03-20,467
2010-01-01,2025-04-15,467
2010-01-01,2025-05-13,467
2010-01-01,2025-06-10,467
2010-01-01,2025-07-17,467
2010-01-01,2025-08-12,467
2010-01-01,2025-09-16,467
2010-02-01,2024-02-13,465
2010-02-01,2024-03-12,465
2010-02-01,2024-04-16,465
2010-02-01,2024-05-14,465
2010-02-01,2024-06-11,465
2010-02-01,2024-07-18,465
2010-02-01,2024-08-13,465
2010-02-01,2024-09-10,465
2010-02-01,2024-10-15,465
2010-02-01,2024-11-12,465
2010-02-01,2024-12-17,465
2010-02-01,2025-01-21,465
2010-02-01,2025-02-18,465
2010-02-01,2025-03-20,465
2010-02-01,2025-04-15,465
2010-02-01,2025-05-13,465
2010-02-01,2025-06-10,465
2010-02-01,2025-07-17,465
2010-02-01,2025-08-12,465
2010-02-01,2025-09-16,465
2010-03-01,2024-02-13,469
2010-03-01,2024-03-12,469
2010-03-01,2024-04-16,469
2010-03-01,2024-05-14,469
2010-03-01,2024-06-11,469
2010-03-01,2024-07-18,469
2010-03-01,2024-08-13,469
2010-03-01,2024-09-10,469
2010-03-01,2024-10-15,469
2010-03-01,2024-11-12,469
2010-03-01,2024-12-17,469
2010-03-01,2025-01-21,469
2010-03-01,2025-02-18,469
2010-03-01,2025-03-20,469
2010-03-01,2025-04-15,467
2010-03-01,2025-05-13,467
2010-03-01,2025-06-10,467
2010-03-01,2025-07-17,467
2010-03-01,2025-08-12,467
2010-03-01,2025-09-16,467
2010-04-01,2024-02-13,479
2010-04-01,2024-03-12,479
2010-04-01,2024-04-16,479
2010-04-01,2024-05-14,479
2010-04-01,2024-06-11,479
2010-04-01,2024-07-18,479
2010-04-01,2024-08-13,479
2010-04-01,2024-09-10,479
2010-04-01,2024-10-15,479
2010-04-01,2024-11-12,479
2010-04-01,2024-12-17,479
2010-04-01,2025-01-21,479
2010-04-01,2025-02-18,479
2010-04-01,2025-03-20,479
2010-04-01,2025-04-15,479
2010-04-01,2025-05-13,479
2010-04-01,2025-06-10,479
2010-04-01,2025-07-17,479
2010-04-01,2025-08-12,479
2010-04-01,2025-09-16,479
2010-05-01,2024-02-13,484
2010-05-01,2024-03-12,484
2010-05-01,2024-04-16,484
2010-05-01,2024-05-14,484
2010-05-01,2024-06-11,484
2010-05-01,2024-07-18,484
2010-05-01,2024-08-13,484
2010-05-01,2024-09-10,484
2010-05-01,2024-10-15,484
2010-05-01,2024-11-12,484
2010-05-01,2024-12-17,484
2010-05-01,2025-01-21,484
2010-05-01,2025-02-18,484
2010-05-01,2025-03-20,484
2010-05-01,2025-04-15,484
2010-05-01,2025-05-13,484
2010-05-01,2025-06-10,484
2010-05-01,2025-07-17,484
2010-05-01,2025-08-12,484
2010-05-01,2025-09-16,484
2010-06-01,2024-02-13,479
2010-06-01,2024-03-12,479
2010-06-01,2024-04-16,479
2010-06-01,2024-05-14,479
2010-06-01,2024-06-11,479
2010-06-01,2024-07-18,479
2010-06-01,2024-08-13,479
2010-06-01,2024-09-10,479
2010-06-01,2024-10-15,479
2010-06-01,2024-11-12,479
2010-06-01,2024-12-17,479
2010-06-01,2025-01-21,479
2010-06-01,2025-02-18,479
2010-06-01,2025-03-20,479
2010-06-01,2025-04-15,479
2010-06-01,2025-05-13,479
2010-06-01,2025-06-10,479
2010-06-01,2025-07-17,479
2010-06-01,2025-08-12,479
2010-06-01,2025-09-16,479
2010-07-01,2024-02-13,461
2010-07-01,2024-03-12,461
2010-07-01,2024-04-16,461
2010-07-01,2024-05-14,461
2010-07-01,2024-06-11,461
2010-07-01,2024-07-18,461
2010-07-01,2024-08-13,461
2010-07-01,2024-09-10,461
2010-07-01,2024-10-15,461
2010-07-01,2024-11-12,461
2010-07-01,2024-12-17,461
2010-07-01,2025-01-21,461
2010-07-01,2025-02-18,461
2010-07-01,2025-03-20,461
2010-07-01,2025-04-15,461
2010-07-01,2025-05-13,461
2010-07-01,2025-06-10,461
2010-07-01,2025-07-17,461
2010-07-01,2025-08-12,461
2010-07-01,2025-09-16,461
2010-08-01,2024-02-13,455
2010-08-01,2024-03-12,455
2010-08-01,2024-04-16,455
2010-08-01,2024-05-14,455
2010-08-01,2024-06-11,455
2010-08-01,2024-07-18,455
2010-08-01,2024-08-13,455
2010-08-01,2024-09-10,455
2010-08-01,2024-10-15,455
2010-08-01,2024-11-12,455
2010-08-01,2024-12-17,455
2010-08-01,2025-01-21,455
2010-08-01,2025-02-18,455
2010-08-01,2025-03-20,455
2010-08-01,2025-04-15,455
2010-08-01,2025-05-13,455
2010-08-01,2025-06-10,455
2010-08-01,2025-07-17,455
2010-08-01,2025-08-12,455
2010-08-01,2025-09-16,455
2010-09-01,2024-02-13,454
2010-09-01,2024-03-12,454
2010-09-01,2024-04-16,454
2010-09-01,2024-05-14,454
2010-09-01,2024-06-11,454
2010-09-01,2024-07-18,454
2010-09-01,2024-08-13,454
2010-09-01,2024-09-10,454
2010-09-01,2024-10-15,454
2010-09-01,2024-11-12,454
2010-09-01,2024-12-17,454
2010-09-01,2025-01-21,454
2010-09-01,2025-02-18,454
2010-09-01,2025-03-20,454
2010-09-01,2025-04-15,455
2010-09-01,2025-05-13,455
2010-09-01,2025-06-10,455
2010-09-01,2025-07-17,455
2010-09-01,2025-08-12,455
2010-09-01,2025-09-16,455
2010-10-01,2024-02-13,469
2010-10-01,2024-03-12,469
2010-10-01,2024-04-16,469
2010-10-01,2024-05-14,474
2010-10-01,2024-06-11,474
2010-10-01,2024-07-18,474
2010-10-01,2024-08-13,474
2010-10-01,2024-09-10,469
2010-10-01,2024-10-15,469
2010-10-01,2024-11-12,469
2010-10-01,2024-12-17,469
2010-10-01,2025-01-21,469
2010-10-01,2025-02-18,469
2010-10-01,2025-03-20,469
2010-10-01,2025-04-15,469
2010-10-01,2025-05-13,469
2010-10-01,2025-06-10,469
2010-10-01,2025-07-17,469
2010-10-01,2025-08-12,469
2010-10-01,2025-09-16,469
2010-11-01,2024-02-13,483
2010-11-01,2024-03-12,483
2010-11-01,2024-04-16,483
2010-11-01,2024-05-14,483
2010-11-01,2024-06-11,483
2010-11-01,2024-07-18,483
2010-11-01,2024-08-13,483
2010-11-01,2024-09-10,483
2010-11-01,2024-10-15,483
2010-11-01,2024-11-12,483
2010-11-01,2024-12-17,483
2010-11-01,2025-01-21,483
2010-11-01,2025-02-18,483
2010-11-01,2025-03-20,483
2010-11-01,2025-04-15,483
2010-11-01,2025-05-13,483
2010-11-01,2025-06-10,483
2010-11-01,2025-07-17,483
2010-11-01,2025-08-12,483
2010-11-01,2025-09-16,483
2010-12-01,2024-02-13,493
2010-12-01,2024-03-12,493
2010-12-01,2024-04-16,493
2010-12-01,2024-05-14,493
2010-12-01,2024-06-11,493
2010-12-01,2024-07-18,493
2010-12-01,2024-08-13,493
2010-12-01,2024-09-10,493
2010-12-01,2024-10-15,493
2010-12-01,2024-11-12,493
2010-12-01,2024-12-17,493
2010-12-01,2025-01-21,493
2010-12-01,2025-02-18,493
2010-12-01,2025-03-20,493
2010-12-01,2025-04-15,495
2010-12-01,2025-05-13,495
2010-12-01,2025-06-10,495
2010-12-01,2025-07-17,495
2010-12-01,2025-08-12,495
2010-12-01,2025-09-16,495
2011-01-01,2024-02-13,490
2011-01-01,2024-03-12,490
2011-01-01,2024-04-16,490
2011-01-01,2024-05-14,490
2011-01-01,2024-06-11,490
2011-01-01,2024-07-18,490
2011-01-01,2024-08-13,490
2011-01-01,2024-09-10,490
2011-01-01,2024-10-15,490
2011-01-01,2024-11-12,490
2011-01-01,2024-12-17,490
2011-01-01,2025-01-21,490
2011-01-01,2025-02-18,490
2011-01-01,2025-03-20,490
2011-01-01,2025-04-15,490
2011-01-01,2025-05-13,490
2011-01-01,2025-06-10,490
2011-01-01,2025-07-17,490
2011-01-01,2025-08-12,490
2011-01-01,2025-09-16,490
2011-02-01,2024-02-13,484
2011-02-01,2024-03-12,484
2011-02-01,2024-04-16,484
2011-02-01,2024-05-14,484
2011-02-01,2024-06-11,484
2011-02-01,2024-07-18,484
2011-02-01,2024-08-13,484
2011-02-01,2024-09-10,484
2011-02-01,2024-10-15,484
2011-02-01,2024-11-12,484
2011-02-01,2024-12-17,484
2011-02-01,2025-01-21,484
2011-02-01,2025-02-18,484
2011-02-01,2025-03-20,484
2011-02-01,2025-04-15,483
2011-02-01,2025-05-13,483
2011-02-01,2025-06-10,483
2011-02-01,2025-07-17,483
2011-02-01,2025-08-12,483
2011-02-01,2025-09-16,483
2011-03-01,2024-02-13,472
2011-03-01,2024-03-12,472
2011-03-01,2024-04-16,472
2011-03-01,2024-05-14,472
2011-03-01,2024-06-11,472
2011-03-01,2024-07-18,472
2011-03-01,2024-08-13,472
2011-03-01,2024-09-10,472
2011-03-01,2024-10-15,472
2011-03-01,2024-11-12,472
2011-03-01,2024-12-17,472
2011-03-01,2025-01-21,472
2011-03-01,2025-02-18,472
2011-03-01,2025-03-20,472
2011-03-01,2025-04-15,472
2011-03-01,2025-05-13,472
2011-03-01,2025-06-10,472
2011-03-01,2025-07-17,472
2011-03-01,2025-08-12,472
2011-03-01,2025-09-16,472
2011-04-01,2024-02-13,461
2011-04-01,2024-03-12,461
2011-04-01,2024-04-16,461
2011-04-01,2024-05-14,461
2011-04-01,2024-06-11,461
2011-04-01,2024-07-18,461
2011-04-01,2024-08-13,461
2011-04-01,2024-09-10,461
2011-04-01,2024-10-15,461
2011-04-01,2024-11-12,461
2011-04-01,2024-12-17,461
2011-04-01,2025-01-21,461
2011-04-01,2025-02-18,461
2011-04-01,2025-03-20,461
2011-04-01,2025-04-15,461
2011-04-01,2025-05-13,461
2011-04-01,2025-06-10,461
2011-04-01,2025-07-17,461
2011-04-01,2025-08-12,461
2011-04-01,2025-09-16,461
2011-05-01,2024-02-13,460
2011-05-01,2024-03-12,460
2011-05-01,2024-04-16,461
2011-05-01,2024-05-14,461
2011-05-01,2024-06-11,461
2011-05-01,2024-07-18,461
2011-05-01,2024-08-13,461
2011-05-01,2024-09-10,461
2011-05-01,2024-10-15,461
2011-05-01,2024-11-12,461
2011-05-01,2024-12-17,461
2011-05-01,2025-01-21,461
2011-05-01,2025-02-18,461
2011-05-01,2025-03-20,461
2011-05-01,2025-04-15,460
2011-05-01,2025-05-13,460
2011-05-01,2025-06-10,460
2011-05-01,2025-07-17,460
2011-05-01,2025-08-12,460
2011-05-01,2025-09-16,460
2011-06-01,2024-02-13,457
2011-06-01,2024-03-12,457
2011-06-01,2024-04-16,457
2011-06-01,2024-05-14,457
2011-06-01,2024-06-11,457
2011-06-01,2024-07-18,457
2011-06-01,2024-08-13,457
2011-06-01,2024-09-10,457
2011-06-01,2024-10-15,457
2011-06-01,2024-11-12,457
2011-06-01,2024-12-17,457
2011-06-01,2025-01-21,457
2011-06-01,2025-02-18,457
2011-06-01,2025-03-20,457
2011-06-01,2025-04-15,457
2011-06-01,2025-05-13,457
2011-06-01,2025-06-10,457
2011-06-01,2025-07-17,457
2011-06-01,2025-08-12,457
2011-06-01,2025-09-16,457
2011-07-01,2024-02-13,462
2011-07-01,2024-03-12,462
2011-07-01,2024-04-16,462
2011-07-01,2024-05-14,462
2011-07-01,2024-06-11,462
2011-07-01,2024-07-18,462
2011-07-01,2024-08-13,462
2011-07-01,2024-09-10,462
2011-07-01,2024-10-15,462
2011-07-01,2024-11-12,462
2011-07-01,2024-12-17,462
2011-07-01,2025-01-21,462
2011-07-01,2025-02-18,462
2011-07-01,2025-03-20,462
2011-07-01,2025-04-15,462
2011-07-01,2025-05-13,462
2011-07-01,2025-06-10,462
2011-07-01,2025-07-17,462
2011-07-01,2025-08-12,462
2011-07-01,2025-09-16,462
2011-08-01,2024-02-13,464
2011-08-01,2024-03-12,464
2011-08-01,2024-04-16,464
2011-08-01,2024-05-14,464
2011-08-01,2024-06-11,464
2011-08-01,2024-07-18,464
2011-08-01,2024-08-13,464
2011-08-01,2024-09-10,464
2011-08-01,2024-10-15,464
2011-08-01,2024-11-12,464
2011-08-01,2024-12-17,464
2011-08-01,2025-01-21,464
2011-08-01,2025-02-18,464
2011-08-01,2025-03-20,464
2011-08-01,2025-04-15,464
2011-08-01,2025-05-13,464
2011-08-01,2025-06-10,464
2011-08-01,2025-07-17,464
2011-08-01,2025-08-12,464
2011-08-01,2025-09-16,464
2011-09-01,2024-02-13,467
2011-09-01,2024-03-12,467
2011-09-01,2024-04-16,466
2011-09-01,2024-05-14,466
2011-09-01,2024-06-11,466
2011-09-01,2024-07-18,466
2011-09-01,2024-08-13,466
2011-09-01,2024-09-10,466
2011-09-01,2024-10-15,466
2011-09-01,2024-11-12,466
2011-09-01,2024-12-17,466
2011-09-01,2025-01-21,466
2011-09-01,2025-02-18,466
2011-09-01,2025-03-20,466
2011-09-01,2025-04-15,467
2011-09-01,2025-05-13,467
2011-09-01,2025-06-10,467
2011-09-01,2025-07-17,467
2011-09-01,2025-08-12,467
2011-09-01,2025-09-16,467
2011-10-01,2024-02-13,470
2011-10-01,2024-03-12,462
2011-10-01,2024-04-16,462
2011-10-01,2024-05-14,470
2011-10-01,2024-06-11,470
2011-10-01,2024-07-18,470
2011-10-01,2024-08-13,470
2011-10-01,2024-09-10,470
2011-10-01,2024-10-15,470
2011-10-01,2024-11-12,470
2011-10-01,2024-12-17,470
2011-10-01,2025-01-21,470
2011-10-01,2025-02-18,470
2011-10-01,2025-03-20,470
2011-10-01,2025-04-15,470
2011-10-01,2025-05-13,470
2011-10-01,2025-06-10,470
2011-10-01,2025-07-17,470
2011-10-01,2025-08-12,470
2011-10-01,2025-09-16,470
2011-11-01,2024-02-13,465
2011-11-01,2024-03-12,465
2011-11-01,2024-04-16,465
2011-11-01,2024-05-14,465
2011-11-01,2024-06-11,465
2011-11-01,2024-07-18,465
2011-11-01,2024-08-13,465
2011-11-01,2024-09-10,465
2011-11-01,2024-10-15,465
2011-11-01,2024-11-12,465
2011-11-01,2024-12-17,465
2011-11-01,2025-01-21,465
2011-11-01,2025-02-18,465
2011-11-01,2025-03-20,465
2011-11-01,2025-04-15,465
2011-11-01,2025-05-13,465
2011-11-01,2025-06-10,465
2011-11-01,2025-07-17,465
2011-11-01,2025-08-12,465
2011-11-01,2025-09-16,465
2011-12-01,2024-02-13,473
2011-12-01,2024-03-12,473
2011-12-01,2024-04-16,473
2011-12-01,2024-05-14,473
2011-12-01,2024-06-11,473
2011-12-01,2024-07-18,473
2011-12-01,2024-08-13,473
2011-12-01,2024-09-10,473
2011-12-01,2024-10-15,473
2011-12-01,2024-11-12,473
2011-12-01,2024-12-17,473
2011-12-01,2025-01-21,473
2011-12-01,2025-02-18,473
2011-12-01,2025-03-20,473
2011-12-01,2025-04-15,476
2011-12-01,2025-05-13,476
2011-12-01,2025-06-10,476
2011-12-01,2025-07-17,476
2011-12-01,2025-08-12,476
2011-12-01,2025-09-16,476
2012-01-01,2024-02-13,473
2012-01-01,2024-03-12,473
2012-01-01,2024-04-16,473
2012-01-01,2024-05-14,473
2012-01-01,2024-06-11,473
2012-01-01,2024-07-18,473
2012-01-01,2024-08-13,473
2012-01-01,2024-09-10,473
2012-01-01,2024-10-15,473
2012-01-01,2024-11-12,473
2012-01-01,2024-12-17,473
2012-01-01,2025-01-21,473
2012-01-01,2025-02-18,473
2012-01-01,2025-03-20,473
2012-01-01,2025-04-15,473
2012-01-01,2025-05-13,473
2012-01-01,2025-06-10,473
2012-01-01,2025-07-17,473
2012-01-01,2025-08-12,473
2012-01-01,2025-09-16,473
2012-02-01,2024-02-13,467
2012-02-01,2024-03-12,467
2012-02-01,2024-04-16,467
2012-02-01,2024-05-14,467
2012-02-01,2024-06-11,467
2012-02-01,2024-07-18,467
2012-02-01,2024-08-13,467
2012-02-01,2024-09-10,467
2012-02-01,2024-10-15,467
2012-02-01,2024-11-12,467
2012-02-01,2024-12-17,467
2012-02-01,2025-01-21,467
2012-02-01,2025-02-18,467
2012-02-01,2025-03-20,467
2012-02-01,2025-04-15,467
2012-02-01,2025-05-13,467
2012-02-01,2025-06-10,467
2012-02-01,2025-07-17,467
2012-02-01,2025-08-12,467
2012-02-01,2025-09-16,467
2012-03-01,2024-02-13,465
2012-03-01,2024-03-12,465
2012-03-01,2024-04-16,465
2012-03-01,2024-05-14,465
2012-03-01,2024-06-11,465
2012-03-01,2024-07-18,465
2012-03-01,2024-08-13,465
2012-03-01,2024-09-10,465
2012-03-01,2024-10-15,465
2012-03-01,2024-11-12,465
2012-03-01,2024-12-17,465
2012-03-01,2025-01-21,465
2012-03-01,2025-02-18,465
2012-03-01,2025-03-20,465
2012-03-01,2025-04-15,465
2012-03-01,2025-05-13,465
2012-03-01,2025-06-10,465
2012-03-01,2025-07-17,465
2012-03-01,2025-08-12,465
2012-03-01,2025-09-16,465
2012-04-01,2024-02-13,471
2012-04-01,2024-03-12,471
2012-04-01,2024-04-16,471
2012-04-01,2024-05-14,471
2012-04-01,2024-06-11,471
2012-04-01,2024-07-18,471
2012-04-01,2024-08-13,471
2012-04-01,2024-09-10,471
2012-04-01,2024-10-15,471
2012-04-01,2024-11-12,471
2012-04-01,2024-12-17,471
2012-04-01,2025-01-21,471
2012-04-01,2025-02-18,471
2012-04-01,2025-03-20,471
2012-04-01,2025-04-15,470
2012-04-01,2025-05-13,470
2012-04-01,2025-06-10,470
2012-04-01,2025-07-17,470
2012-04-01,2025-08-12,470
2012-04-01,2025-09-16,470
2012-05-01,2024-02-13,474
2012-05-01,2024-03-12,474
2012-05-01,2024-04-16,474
2012-05-01,2024-05-14,474
2012-05-01,2024-06-11,474
2012-05-01,2024-07-18,474
2012-05-01,2024-08-13,474
2012-05-01,2024-09-10,474
2012-05-01,2024-10-15,474
2012-05-01,2024-11-12,474
2012-05-01,2024-12-17,474
2012-05-01,2025-01-21,474
2012-05-01,2025-02-18,474
2012-05-01,2025-03-20,474
2012-05-01,2025-04-15,474
2012-05-01,2025-05-13,474
2012-05-01,2025-06-10,474
2012-05-01,2025-07-17,474
2012-05-01,2025-08-12,474
2012-05-01,2025-09-16,474
2012-06-01,2024-02-13,479
2012-06-01,2024-03-12,479
2012-06-01,2024-04-16,480
2012-06-01,2024-05-14,480
2012-06-01,2024-06-11,480
2012-06-01,2024-07-18,480
2012-06-01,2024-08-13,480
2012-06-01,2024-09-10,480
2012-06-01,2024-10-15,480
2012-06-01,2024-11-12,480
2012-06-01,2024-12-17,480
2012-06-01,2025-01-21,480
2012-06-01,2025-02-18,480
2012-06-01,2025-03-20,480
2012-06-01,2025-04-15,479
2012-06-01,2025-05-13,479
2012-06-01,2025-06-10,479
2012-06-01,2025-07-17,479
2012-06-01,2025-08-12,479
2012-06-01,2025-09-16,479
2012-07-01,2024-02-13,484
2012-07-01,2024-03-12,484
2012-07-01,2024-04-16,484
2012-07-01,2024-05-14,484
2012-07-01,2024-06-11,484
2012-07-01,2024-07-18,484
2012-07-01,2024-08-13,484
2012-07-01,2024-09-10,484
2012-07-01,2024-10-15,484
2012-07-01,2024-11-12,484
2012-07-01,2024-12-17,484
2012-07-01,2025-01-21,484
2012-07-01,2025-02-18,484
2012-07-01,2025-03-20,484
2012-07-01,2025-04-15,483
2012-07-01,2025-05-13,483
2012-07-01,2025-06-10,483
2012-07-01,2025-07-17,483
2012-07-01,2025-08-12,483
2012-07-01,2025-09-16,483
2012-08-01,2024-02-13,488
2012-08-01,2024-03-12,488
2012-08-01,2024-04-16,488
2012-08-01,2024-05-14,488
2012-08-01,2024-06-11,488
2012-08-01,2024-07-18,488
2012-08-01,2024-08-13,488
2012-08-01,2024-09-10,488
2012-08-01,2024-10-15,488
2012-08-01,2024-11-12,488
2012-08-01,2024-12-17,488
2012-08-01,2025-01-21,488
2012-08-01,2025-02-18,488
2012-08-01,2025-03-20,488
2012-08-01,2025-04-15,487
2012-08-01,2025-05-13,487
2012-08-01,2025-06-10,487
2012-08-01,2025-07-17,487
2012-08-01,2025-08-12,487
2012-08-01,2025-09-16,487
2012-09-01,2024-02-13,491
2012-09-01,2024-03-12,491
2012-09-01,2024-04-16,490
2012-09-01,2024-05-14,490
2012-09-01,2024-06-11,490
2012-09-01,2024-07-18,490
2012-09-01,2024-08-13,490
2012-09-01,2024-09-10,490
2012-09-01,2024-10-15,490
2012-09-01,2024-11-12,490
2012-09-01,2024-12-17,490
2012-09-01,2025-01-21,490
2012-09-01,2025-02-18,490
2012-09-01,2025-03-20,490
2012-09-01,2025-04-15,490
2012-09-01,2025-05-13,490
2012-09-01,2025-06-10,490
2012-09-01,2025-07-17,490
2012-09-01,2025-08-12,490
2012-09-01,2025-09-16,490
2012-10-01,2024-02-13,494
2012-10-01,2024-03-12,494
2012-10-01,2024-04-16,494
2012-10-01,2024-05-14,494
2012-10-01,2024-06-11,494
2012-10-01,2024-07-18,494
2012-10-01,2024-08-13,494
2012-10-01,2024-09-10,494
2012-10-01,2024-10-15,494
2012-10-01,2024-11-12,494
2012-10-01,2024-12-17,494
2012-10-01,2025-01-21,494
2012-10-01,2025-02-18,494
2012-10-01,2025-03-20,494
2012-10-01,2025-04-15,493
2012-10-01,2025-05-13,493
2012-10-01,2025-06-10,493
2012-10-01,2025-07-17,493
2012-10-01,2025-08-12,493
2012-10-01,2025-09-16,493
2012-11-01,2024-02-13,501
2012-11-01,2024-03-12,501
2012-11-01,2024-04-16,501
2012-11-01,2024-05-14,501
2012-11-01,2024-06-11,501
2012-11-01,2024-07-18,501
2012-11-01,2024-08-13,501
2012-11-01,2024-09-10,501
2012-11-01,2024-10-15,501
2012-11-01,2024-11-12,501
2012-11-01,2024-12-17,501
2012-11-01,2025-01-21,501
2012-11-01,2025-02-18,501
2012-11-01,2025-03-20,501
2012-11-01,2025-04-15,501
2012-11-01,2025-05-13,501
2012-11-01,2025-06-10,501
2012-11-01,2025-07-17,501
2012-11-01,2025-08-12,501
2012-11-01,2025-09-16,501
2012-12-01,2024-02-13,501
2012-12-01,2024-03-12,501
2012-12-01,2024-04-16,500
2012-12-01,2024-05-14,500
2012-12-01,2024-06-11,500
2012-12-01,2024-07-18,500
2012-12-01,2024-08-13,500
2012-12-01,2024-09-10,500
2012-12-01,2024-10-15,500
2012-12-01,2024-11-12,500
2012-12-01,2024-12-17,500
2012-12-01,2025-01-21,500
2012-12-01,2025-02-18,500
2012-12-01,2025-03-20,500
2012-12-01,2025-04-15,503
2012-12-01,2025-05-13,503
2012-12-01,2025-06-10,503
2012-12-01,2025-07-17,503
2012-12-01,2025-08-12,503
2012-12-01,2025-09-16,503
2013-01-01,2024-02-13,504
2013-01-01,2024-03-12,504
2013-01-01,2024-04-16,505
2013-01-01,2024-05-14,505
2013-01-01,2024-06-11,505
2013-01-01,2024-07-18,505
2013-01-01,2024-08-13,505
2013-01-01,2024-09-10,505
2013-01-01,2024-10-15,505
2013-01-01,2024-11-12,505
2013-01-01,2024-12-17,505
2013-01-01,2025-01-21,505
2013-01-01,2025-02-18,505
2013-01-01,2025-03-20,505
2013-01-01,2025-04-15,505
2013-01-01,2025-05-13,505
2013-01-01,2025-06-10,505
2013-01-01,2025-07-17,505
2013-01-01,2025-08-12,505
2013-01-01,2025-09-16,505
2013-02-01,2024-02-13,504
2013-02-01,2024-03-12,504
2013-02-01,2024-04-16,504
2013-02-01,2024-05-14,504
2013-02-01,2024-06-11,504
2013-02-01,2024-07-18,504
2013-02-01,2024-08-13,504
2013-02-01,2024-09-10,504
2013-02-01,2024-10-15,504
2013-02-01,2024-11-12,504
2013-02-01,2024-12-17,504
2013-02-01,2025-01-21,504
2013-02-01,2025-02-18,504
2013-02-01,2025-03-20,504
2013-02-01,2025-04-15,506
2013-02-01,2025-05-13,506
2013-02-01,2025-06-10,506
2013-02-01,2025-07-17,506
2013-02-01,2025-08-12,506
2013-02-01,2025-09-16,506
2013-03-01,2024-02-13,516
2013-03-01,2024-03-12,516
2013-03-01,2024-04-16,516
2013-03-01,2024-05-14,516
2013-03-01,2024-06-11,516
2013-03-01,2024-07-18,516
2013-03-01,2024-08-13,516
2013-03-01,2024-09-10,516
2013-03-01,2024-10-15,516
2013-03-01,2024-11-12,516
2013-03-01,2024-12-17,516
2013-03-01,2025-01-21,516
2013-03-01,2025-02-18,516
2013-03-01,2025-03-20,516
2013-03-01,2025-04-15,515
2013-03-01,2025-05-13,515
2013-03-01,2025-06-10,515
2013-03-01,2025-07-17,515
2013-03-01,2025-08-12,515
2013-03-01,2025-09-16,515
2013-04-01,2024-02-13,522
2013-04-01,2024-03-12,522
2013-04-01,2024-04-16,523
2013-04-01,2024-05-14,523
2013-04-01,2024-06-11,523
2013-04-01,2024-07-18,523
2013-04-01,2024-08-13,523
2013-04-01,2024-09-10,523
2013-04-01,2024-10-15,523
2013-04-01,2024-11-12,523
2013-04-01,2024-12-17,523
2013-04-01,2025-01-21,523
2013-04-01,2025-02-18,523
2013-04-01,2025-03-20,523
2013-04-01,2025-04-15,522
2013-04-01,2025-05-13,522
2013-04-01,2025-06-10,522
2013-04-01,2025-07-17,522
2013-04-01,2025-08-12,522
2013-04-01,2025-09-16,522
2013-05-01,2024-02-13,533
2013-05-01,2024-03-12,533
2013-05-01,2024-04-16,534
2013-05-01,2024-05-14,534
2013-05-01,2024-06-11,534
2013-05-01,2024-07-18,534
2013-05-01,2024-08-13,534
2013-05-01,2024-09-10,534
2013-05-01,2024-10-15,534
2013-05-01,2024-11-12,534
2013-05-01,2024-12-17,534
2013-05-01,2025-01-21,534
2013-05-01,2025-02-18,534
2013-05-01,2025-03-20,534
2013-05-01,2025-04-15,533
2013-05-01,2025-05-13,533
2013-05-01,2025-06-10,533
2013-05-01,2025-07-17,533
2013-05-01,2025-08-12,533
2013-05-01,2025-09-16,533
2013-06-01,2024-02-13,540
2013-06-01,2024-03-12,540
2013-06-01,2024-04-16,540
2013-06-01,2024-05-14,540
2013-06-01,2024-06-11,540
2013-06-01,2024-07-18,540
2013-06-01,2024-08-13,540
2013-06-01,2024-09-10,540
2013-06-01,2024-10-15,540
2013-06-01,2024-11-12,540
2013-06-01,2024-12-17,540
2013-06-01,2025-01-21,540
2013-06-01,2025-02-18,540
2013-06-01,2025-03-20,540
2013-06-01,2025-04-15,539
2013-06-01,2025-05-13,539
2013-06-01,2025-06-10,539
2013-06-01,2025-07-17,539
2013-06-01,2025-08-12,539
2013-06-01,2025-09-16,539
2013-07-01,2024-02-13,536
2013-07-01,2024-03-12,536
2013-07-01,2024-04-16,536
2013-07-01,2024-05-14,536
2013-07-01,2024-06-11,536
2013-07-01,2024-07-18,536
2013-07-01,2024-08-13,536
2013-07-01,2024-09-10,536
2013-07-01,2024-10-15,536
2013-07-01,2024-11-12,536
2013-07-01,2024-12-17,536
2013-07-01,2025-01-21,536
2013-07-01,2025-02-18,536
2013-07-01,2025-03-20,536
2013-07-01,2025-04-15,536
2013-07-01,2025-05-13,536
2013-07-01,2025-06-10,536
2013-07-01,2025-07-17,536
2013-07-01,2025-08-12,536
2013-07-01,2025-09-16,536
2013-08-01,2024-02-13,548
2013-08-01,2024-03-12,548
2013-08-01,2024-04-16,548
2013-08-01,2024-05-14,548
2013-08-01,2024-06-11,548
2013-08-01,2024-07-18,548
2013-08-01,2024-08-13,548
2013-08-01,2024-09-10,548
2013-08-01,2024-10-15,548
2013-08-01,2024-11-12,548
2013-08-01,2024-12-17,548
2013-08-01,2025-01-21,548
2013-08-01,2025-02-18,548
2013-08-01,2025-03-20,548
2013-08-01,2025-04-15,547
2013-08-01,2025-05-13,547
2013-08-01,2025-06-10,547
2013-08-01,2025-07-17,547
2013-08-01,2025-08-12,547
2013-08-01,2025-09-16,547
2013-09-01,2024-02-13,553
2013-09-01,2024-03-12,553
2013-09-01,2024-04-16,552
2013-09-01,2024-05-14,552
2013-09-01,2024-06-11,552
2013-09-01,2024-07-18,552
2013-09-01,2024-08-13,552
2013-09-01,2024-09-10,552
2013-09-01,2024-10-15,552
2013-09-01,2024-11-12,552
2013-09-01,2024-12-17,552
2013-09-01,2025-01-21,552
2013-09-01,2025-02-18,552
2013-09-01,2025-03-20,552
2013-09-01,2025-04-15,552
2013-09-01,2025-05-13,552
2013-09-01,2025-06-10,552
2013-09-01,2025-07-17,552
2013-09-01,2025-08-12,552
2013-09-01,2025-09-16,552
2013-10-01,2024-02-13,533
2013-10-01,2024-03-12,533
2013-10-01,2024-04-16,567
2013-10-01,2024-05-14,533
2013-10-01,2024-06-11,533
2013-10-01,2024-07-18,533
2013-10-01,2024-08-13,533
2013-10-01,2024-09-10,533
2013-10-01,2024-10-15,533
2013-10-01,2024-11-12,533
2013-10-01,2024-12-17,533
2013-10-01,2025-01-21,533
2013-10-01,2025-02-18,567
2013-10-01,2025-03-20,567
2013-10-01,2025-04-15,567
2013-10-01,2025-05-13,567
2013-10-01,2025-06-10,567
2013-10-01,2025-07-17,533
2013-10-01,2025-08-12,533
2013-10-01,2025-09-16,533
2013-11-01,2024-02-13,573
2013-11-01,2024-03-12,573
2013-11-01,2024-04-16,572
2013-11-01,2024-05-14,572
2013-11-01,2024-06-11,572
2013-11-01,2024-07-18,572
2013-11-01,2024-08-13,572
2013-11-01,2024-09-10,572
2013-11-01,2024-10-15,572
2013-11-01,2024-11-12,572
2013-11-01,2024-12-17,572
2013-11-01,2025-01-21,572
2013-11-01,2025-02-18,572
2013-11-01,2025-03-20,572
2013-11-01,2025-04-15,573
2013-11-01,2025-05-13,573
2013-11-01,2025-06-10,573
2013-11-01,2025-07-17,573
2013-11-01,2025-08-12,573
2013-11-01,2025-09-16,573
2013-12-01,2024-02-13,581
2013-12-01,2024-03-12,581
2013-12-01,2024-04-16,581
2013-12-01,2024-05-14,581
2013-12-01,2024-06-11,581
2013-12-01,2024-07-18,581
2013-12-01,2024-08-13,581
2013-12-01,2024-09-10,581
2013-12-01,2024-10-15,581
2013-12-01,2024-11-12,581
2013-12-01,2024-12-17,581
2013-12-01,2025-01-21,581
2013-12-01,2025-02-18,581
2013-12-01,2025-03-20,581
2013-12-01,2025-04-15,584
2013-12-01,2025-05-13,584
2013-12-01,2025-06-10,584
2013-12-01,2025-07-17,584
2013-12-01,2025-08-12,584
2013-12-01,2025-09-16,584
2014-01-01,2024-02-13,595
2014-01-01,2024-03-12,595
2014-01-01,2024-04-16,595
2014-01-01,2024-05-14,595
2014-01-01,2024-06-11,595
2014-01-01,2024-07-18,595
2014-01-01,2024-08-13,595
2014-01-01,2024-09-10,595
2014-01-01,2024-10-15,595
2014-01-01,2024-11-12,595
2014-01-01,2024-12-17,595
2014-01-01,2025-01-21,595
2014-01-01,2025-02-18,595
2014-01-01,2025-03-20,595
2014-01-01,2025-04-15,596
2014-01-01,2025-05-13,596
2014-01-01,2025-06-10,596
2014-01-01,2025-07-17,596
2014-01-01,2025-08-12,596
2014-01-01,2025-09-16,596
2014-02-01,2024-02-13,615
2014-02-01,2024-03-12,615
2014-02-01,2024-04-16,616
2014-02-01,2024-05-14,616
2014-02-01,2024-06-11,616
2014-02-01,2024-07-18,616
2014-02-01,2024-08-13,616
2014-02-01,2024-09-10,616
2014-02-01,2024-10-15,616
2014-02-01,2024-11-12,616
2014-02-01,2024-12-17,616
2014-02-01,2025-01-21,616
2014-02-01,2025-02-18,616
2014-02-01,2025-03-20,616
2014-02-01,2025-04-15,616
2014-02-01,2025-05-13,616
2014-02-01,2025-06-10,616
2014-02-01,2025-07-17,616
2014-02-01,2025-08-12,616
2014-02-01,2025-09-16,616
2014-03-01,2024-02-13,637
2014-03-01,2024-03-12,637
2014-03-01,2024-04-16,638
2014-03-01,2024-05-14,638
2014-03-01,2024-06-11,638
2014-03-01,2024-07-18,638
2014-03-01,2024-08-13,638
2014-03-01,2024-09-10,638
2014-03-01,2024-10-15,638
2014-03-01,2024-11-12,638
2014-03-01,2024-12-17,638
2014-03-01,2025-01-21,638
2014-03-01,2025-02-18,638
2014-03-01,2025-03-20,638
2014-03-01,2025-04-15,639
2014-03-01,2025-05-13,639
2014-03-01,2025-06-10,639
2014-03-01,2025-07-17,639
2014-03-01,2025-08-12,639
2014-03-01,2025-09-16,639
2014-04-01,2024-02-13,653
2014-04-01,2024-03-12,653
2014-04-01,2024-04-16,654
2014-04-01,2024-05-14,654
2014-04-01,2024-06-11,654
2014-04-01,2024-07-18,654
2014-04-01,2024-08-13,654
2014-04-01,2024-09-10,654
2014-04-01,2024-10-15,654
2014-04-01,2024-11-12,654
2014-04-01,2024-12-17,654
2014-04-01,2025-01-21,654
2014-04-01,2025-02-18,654
2014-04-01,2025-03-20,654
2014-04-01,2025-04-15,653
2014-04-01,2025-05-13,653
2014-04-01,2025-06-10,653
2014-04-01,2025-07-17,653
2014-04-01,2025-08-12,653
2014-04-01,2025-09-16,653
2014-05-01,2024-02-13,662
2014-05-01,2024-03-12,662
2014-05-01,2024-04-16,663
2014-05-01,2024-05-14,663
2014-05-01,2024-06-11,663
2014-05-01,2024-07-18,663
2014-05-01,2024-08-13,663
2014-05-01,2024-09-10,663
2014-05-01,2024-10-15,663
2014-05-01,2024-11-12,663
2014-05-01,2024-12-17,663
2014-05-01,2025-01-21,663
2014-05-01,2025-02-18,663
2014-05-01,2025-03-20,663
2014-05-01,2025-04-15,661
2014-05-01,2025-05-13,661
2014-05-01,2025-06-10,661
2014-05-01,2025-07-17,661
2014-05-01,2025-08-12,661
2014-05-01,2025-09-16,661
2014-06-01,2024-02-13,670
2014-06-01,2024-03-12,670
2014-06-01,2024-04-16,670
2014-06-01,2024-05-14,670
2014-06-01,2024-06-11,670
2014-06-01,2024-07-18,670
2014-06-01,2024-08-13,670
2014-06-01,2024-09-10,670
2014-06-01,2024-10-15,670
2014-06-01,2024-11-12,670
2014-06-01,2024-12-17,670
2014-06-01,2025-01-21,670
2014-06-01,2025-02-18,670
2014-06-01,2025-03-20,670
2014-06-01,2025-04-15,669
2014-06-01,2025-05-13,669
2014-06-01,2025-06-10,669
2014-06-01,2025-07-17,669
2014-06-01,2025-08-12,669
2014-06-01,2025-09-16,669
2014-07-01,2024-02-13,682
2014-07-01,2024-03-12,682
2014-07-01,2024-04-16,681
2014-07-01,2024-05-14,681
2014-07-01,2024-06-11,681
2014-07-01,2024-07-18,681
2014-07-01,2024-08-13,681
2014-07-01,2024-09-10,681
2014-07-01,2024-10-15,681
2014-07-01,2024-11-12,681
2014-07-01,2024-12-17,681
2014-07-01,2025-01-21,681
2014-07-01,2025-02-18,681
2014-07-01,2025-03-20,681
2014-07-01,2025-04-15,681
2014-07-01,2025-05-13,681
2014-07-01,2025-06-10,681
2014-07-01,2025-07-17,681
2014-07-01,2025-08-12,681
2014-07-01,2025-09-16,681
2014-08-01,2024-02-13,687
2014-08-01,2024-03-12,687
2014-08-01,2024-04-16,687
2014-08-01,2024-05-14,687
2014-08-01,2024-06-11,687
2014-08-01,2024-07-18,687
2014-08-01,2024-08-13,687
2014-08-01,2024-09-10,687
2014-08-01,2024-10-15,687
2014-08-01,2024-11-12,687
2014-08-01,2024-12-17,687
2014-08-01,2025-01-21,687
2014-08-01,2025-02-18,687
2014-08-01,2025-03-20,687
2014-08-01,2025-04-15,686
2014-08-01,2025-05-13,686
2014-08-01,2025-06-10,686
2014-08-01,2025-07-17,686
2014-08-01,2025-08-12,686
2014-08-01,2025-09-16,686
2014-09-01,2024-02-13,703
2014-09-01,2024-03-12,703
2014-09-01,2024-04-16,702
2014-09-01,2024-05-14,702
2014-09-01,2024-06-11,702
2014-09-01,2024-07-18,702
2014-09-01,2024-08-13,702
2014-09-01,2024-09-10,702
2014-09-01,2024-10-15,702
2014-09-01,2024-11-12,702
2014-09-01,2024-12-17,702
2014-09-01,2025-01-21,702
2014-09-01,2025-02-18,702
2014-09-01,2025-03-20,702
2014-09-01,2025-04-15,702
2014-09-01,2025-05-13,702
2014-09-01,2025-06-10,702
2014-09-01,2025-07-17,702
2014-09-01,2025-08-12,702
2014-09-01,2025-09-16,702
2014-10-01,2024-02-13,704
2014-10-01,2024-03-12,704
2014-10-01,2024-04-16,703
2014-10-01,2024-05-14,703
2014-10-01,2024-06-11,703
2014-10-01,2024-07-18,703
2014-10-01,2024-08-13,703
2014-10-01,2024-09-10,658
2014-10-01,2024-10-15,658
2014-10-01,2024-11-12,658
2014-10-01,2024-12-17,658
2014-10-01,2025-01-21,658
2014-10-01,2025-02-18,658
2014-10-01,2025-03-20,658
2014-10-01,2025-04-15,658
2014-10-01,2025-05-13,658
2014-10-01,2025-06-10,658
2014-10-01,2025-07-17,658
2014-10-01,2025-08-12,658
2014-10-01,2025-09-16,658
2014-11-01,2024-02-13,708
2014-11-01,2024-03-12,708
2014-11-01,2024-04-16,707
2014-11-01,2024-05-14,707
2014-11-01,2024-06-11,707
2014-11-01,2024-07-18,707
2014-11-01,2024-08-13,707
2014-11-01,2024-09-10,707
2014-11-01,2024-10-15,707
2014-11-01,2024-11-12,707
2014-11-01,2024-12-17,707
2014-11-01,2025-01-21,707
2014-11-01,2025-02-18,707
2014-11-01,2025-03-20,707
2014-11-01,2025-04-15,708
2014-11-01,2025-05-13,708
2014-11-01,2025-06-10,708
2014-11-01,2025-07-17,708
2014-11-01,2025-08-12,708
2014-11-01,2025-09-16,708
2014-12-01,2024-02-13,708
2014-12-01,2024-03-12,708
2014-12-01,2024-04-16,708
2014-12-01,2024-05-14,708
2014-12-01,2024-06-11,708
2014-12-01,2024-07-18,708
2014-12-01,2024-08-13,708
2014-12-01,2024-09-10,708
2014-12-01,2024-10-15,708
2014-12-01,2024-11-12,708
2014-12-01,2024-12-17,708
2014-12-01,2025-01-21,708
2014-12-01,2025-02-18,708
2014-12-01,2025-03-20,708
2014-12-01,2025-04-15,712
2014-12-01,2025-05-13,712
2014-12-01,2025-06-10,712
2014-12-01,2025-07-17,712
2014-12-01,2025-08-12,712
2014-12-01,2025-09-16,712
2015-01-01,2024-02-13,719
2015-01-01,2024-03-12,719
2015-01-01,2024-04-16,720
2015-01-01,2024-05-14,720
2015-01-01,2024-06-11,720
2015-01-01,2024-07-18,720
2015-01-01,2024-08-13,720
2015-01-01,2024-09-10,720
2015-01-01,2024-10-15,720
2015-01-01,2024-11-12,720
2015-01-01,2024-12-17,720
2015-01-01,2025-01-21,720
2015-01-01,2025-02-18,720
2015-01-01,2025-03-20,720
2015-01-01,2025-04-15,722
2015-01-01,2025-05-13,722
2015-01-01,2025-06-10,722
2015-01-01,2025-07-17,722
2015-01-01,2025-08-12,722
2015-01-01,2025-09-16,722
2015-02-01,2024-02-13,727
2015-02-01,2024-03-12,727
2015-02-01,2024-04-16,729
2015-02-01,2024-05-14,729
2015-02-01,2024-06-11,729
2015-02-01,2024-07-18,729
2015-02-01,2024-08-13,729
2015-02-01,2024-09-10,729
2015-02-01,2024-10-15,729
2015-02-01,2024-11-12,729
2015-02-01,2024-12-17,729
2015-02-01,2025-01-21,729
2015-02-01,2025-02-18,729
2015-02-01,2025-03-20,729
2015-02-01,2025-04-15,730
2015-02-01,2025-05-13,730
2015-02-01,2025-06-10,730
2015-02-01,2025-07-17,730
2015-02-01,2025-08-12,730
2015-02-01,2025-09-16,730
2015-03-01,2024-02-13,727
2015-03-01,2024-03-12,727
2015-03-01,2024-04-16,728
2015-03-01,2024-05-14,728
2015-03-01,2024-06-11,728
2015-03-01,2024-07-18,728
2015-03-01,2024-08-13,728
2015-03-01,2024-09-10,728
2015-03-01,2024-10-15,728
2015-03-01,2024-11-12,728
2015-03-01,2024-12-17,728
2015-03-01,2025-01-21,728
2015-03-01,2025-02-18,728
2015-03-01,2025-03-20,728
2015-03-01,2025-04-15,726
2015-03-01,2025-05-13,726
2015-03-01,2025-06-10,726
2015-03-01,2025-07-17,726
2015-03-01,2025-08-12,726
2015-03-01,2025-09-16,726
2015-04-01,2024-02-13,727
2015-04-01,2024-03-12,727
2015-04-01,2024-04-16,728
2015-04-01,2024-05-14,728
2015-04-01,2024-06-11,728
2015-04-01,2024-07-18,728
2015-04-01,2024-08-13,728
2015-04-01,2024-09-10,728
2015-04-01,2024-10-15,728
2015-04-01,2024-11-12,728
2015-04-01,2024-12-17,728
2015-04-01,2025-01-21,728
2015-04-01,2025-02-18,728
2015-04-01,2025-03-20,728
2015-04-01,2025-04-15,727
2015-04-01,2025-05-13,727
2015-04-01,2025-06-10,727
2015-04-01,2025-07-17,727
2015-04-01,2025-08-12,727
2015-04-01,2025-09-16,727
2015-05-01,2024-02-13,732
2015-05-01,2024-03-12,732
2015-05-01,2024-04-16,732
2015-05-01,2024-05-14,732
2015-05-01,2024-06-11,732
2015-05-01,2024-07-18,732
2015-05-01,2024-08-13,732
2015-05-01,2024-09-10,732
2015-05-01,2024-10-15,732
2015-05-01,2024-11-12,732
2015-05-01,2024-12-17,732
2015-05-01,2025-01-21,732
2015-05-01,2025-02-18,732
2015-05-01,2025-03-20,732
2015-05-01,2025-04-15,730
2015-05-01,2025-05-13,730
2015-05-01,2025-06-10,730
2015-05-01,2025-07-17,730
2015-05-01,2025-08-12,730
2015-05-01,2025-09-16,730
2015-06-01,2024-02-13,742
2015-06-01,2024-03-12,742
2015-06-01,2024-04-16,742
2015-06-01,2024-05-14,742
2015-06-01,2024-06-11,742
2015-06-01,2024-07-18,742
2015-06-01,2024-08-13,742
2015-06-01,2024-09-10,742
2015-06-01,2024-10-15,742
2015-06-01,2024-11-12,742
2015-06-01,2024-12-17,742
2015-06-01,2025-01-21,742
2015-06-01,2025-02-18,742
2015-06-01,2025-03-20,742
2015-06-01,2025-04-15,741
2015-06-01,2025-05-13,741
2015-06-01,2025-06-10,741
2015-06-01,2025-07-17,741
2015-06-01,2025-08-12,741
2015-06-01,2025-09-16,741
2015-07-01,2024-02-13,743
2015-07-01,2024-03-12,743
2015-07-01,2024-04-16,742
2015-07-01,2024-05-14,742
2015-07-01,2024-06-11,742
2015-07-01,2024-07-18,742
2015-07-01,2024-08-13,742
2015-07-01,2024-09-10,742
2015-07-01,2024-10-15,742
2015-07-01,2024-11-12,742
2015-07-01,2024-12-17,742
2015-07-01,2025-01-21,742
2015-07-01,2025-02-18,742
2015-07-01,2025-03-20,742
2015-07-01,2025-04-15,742
2015-07-01,2025-05-13,742
2015-07-01,2025-06-10,742
2015-07-01,2025-07-17,742
2015-07-01,2025-08-12,742
2015-07-01,2025-09-16,742
2015-08-01,2024-02-13,742
2015-08-01,2024-03-12,742
2015-08-01,2024-04-16,742
2015-08-01,2024-05-14,742
2015-08-01,2024-06-11,742
2015-08-01,2024-07-18,742
2015-08-01,2024-08-13,742
2015-08-01,2024-09-10,742
2015-08-01,2024-10-15,742
2015-08-01,2024-11-12,742
2015-08-01,2024-12-17,742
2015-08-01,2025-01-21,742
2015-08-01,2025-02-18,742
2015-08-01,2025-03-20,742
2015-08-01,2025-04-15,741
2015-08-01,2025-05-13,741
2015-08-01,2025-06-10,741
2015-08-01,2025-07-17,741
2015-08-01,2025-08-12,741
2015-08-01,2025-09-16,741
2015-09-01,2024-02-13,743
2015-09-01,2024-03-12,743
2015-09-01,2024-04-16,741
2015-09-01,2024-05-14,741
2015-09-01,2024-06-11,741
2015-09-01,2024-07-18,741
2015-09-01,2024-08-13,741
2015-09-01,2024-09-10,741
2015-09-01,2024-10-15,741
2015-09-01,2024-11-12,741
2015-09-01,2024-12-17,741
2015-09-01,2025-01-21,741
2015-09-01,2025-02-18,741
2015-09-01,2025-03-20,741
2015-09-01,2025-04-15,741
2015-09-01,2025-05-13,741
2015-09-01,2025-06-10,741
2015-09-01,2025-07-17,741
2015-09-01,2025-08-12,741
2015-09-01,2025-09-16,741
2015-10-01,2024-02-13,743
2015-10-01,2024-03-12,743
2015-10-01,2024-04-16,742
2015-10-01,2024-05-14,742
2015-10-01,2024-06-11,742
2015-10-01,2024-07-18,742
2015-10-01,2024-08-13,742
2015-10-01,2024-09-10,742
2015-10-01,2024-10-15,742
2015-10-01,2024-11-12,742
2015-10-01,2024-12-17,742
2015-10-01,2025-01-21,742
2015-10-01,2025-02-18,742
2015-10-01,2025-03-20,742
2015-10-01,2025-04-15,741
2015-10-01,2025-05-13,741
2015-10-01,2025-06-10,741
2015-10-01,2025-07-17,741
2015-10-01,2025-08-12,741
2015-10-01,2025-09-16,741
2015-11-01,2024-02-13,745
2015-11-01,2024-03-12,745
2015-11-01,2024-04-16,743
2015-11-01,2024-05-14,743
2015-11-01,2024-06-11,743
2015-11-01,2024-07-18,743
2015-11-01,2024-08-13,743
2015-11-01,2024-09-10,743
2015-11-01,2024-10-15,743
2015-11-01,2024-11-12,743
2015-11-01,2024-12-17,743
2015-11-01,2025-01-21,743
2015-11-01,2025-02-18,743
2015-11-01,2025-03-20,743
2015-11-01,2025-04-15,746
2015-11-01,2025-05-13,746
2015-11-01,2025-06-10,746
2015-11-01,2025-07-17,746
2015-11-01,2025-08-12,746
2015-11-01,2025-09-16,746
2015-12-01,2024-02-13,747
2015-12-01,2024-03-12,747
2015-12-01,2024-04-16,746
2015-12-01,2024-05-14,746
2015-12-01,2024-06-11,746
2015-12-01,2024-07-18,746
2015-12-01,2024-08-13,746
2015-12-01,2024-09-10,746
2015-12-01,2024-10-15,746
2015-12-01,2024-11-12,746
2015-12-01,2024-12-17,746
2015-12-01,2025-01-21,746
2015-12-01,2025-02-18,746
2015-12-01,2025-03-20,746
2015-12-01,2025-04-15,750
2015-12-01,2025-05-13,750
2015-12-01,2025-06-10,750
2015-12-01,2025-07-17,750
2015-12-01,2025-08-12,750
2015-12-01,2025-09-16,750
2016-01-01,2024-02-13,743
2016-01-01,2024-03-12,743
2016-01-01,2024-04-16,745
2016-01-01,2024-05-14,745
2016-01-01,2024-06-11,745
2016-01-01,2024-07-18,745
2016-01-01,2024-08-13,745
2016-01-01,2024-09-10,745
2016-01-01,2024-10-15,745
2016-01-01,2024-11-12,745
2016-01-01,2024-12-17,745
2016-01-01,2025-01-21,745
2016-01-01,2025-02-18,745
2016-01-01,2025-03-20,745
2016-01-01,2025-04-15,748
2016-01-01,2025-05-13,748
2016-01-01,2025-06-10,748
2016-01-01,2025-07-17,748
2016-01-01,2025-08-12,748
2016-01-01,2025-09-16,748
2016-02-01,2024-02-13,744
2016-02-01,2024-03-12,744
2016-02-01,2024-04-16,746
2016-02-01,2024-05-14,746
2016-02-01,2024-06-11,746
2016-02-01,2024-07-18,746
2016-02-01,2024-08-13,746
2016-02-01,2024-09-10,746
2016-02-01,2024-10-15,746
2016-02-01,2024-11-12,746
2016-02-01,2024-12-17,746
2016-02-01,2025-01-21,746
2016-02-01,2025-02-18,746
2016-02-01,2025-03-20,746
2016-02-01,2025-04-15,748
2016-02-01,2025-05-13,748
2016-02-01,2025-06-10,748
2016-02-01,2025-07-17,748
2016-02-01,2025-08-12,748
2016-02-01,2025-09-16,748
2016-03-01,2024-02-13,744
2016-03-01,2024-03-12,744
2016-03-01,2024-04-16,745
2016-03-01,2024-05-14,745
2016-03-01,2024-06-11,745
2016-03-01,2024-07-18,745
2016-03-01,2024-08-13,745
2016-03-01,2024-09-10,745
2016-03-01,2024-10-15,745
2016-03-01,2024-11-12,745
2016-03-01,2024-12-17,745
2016-03-01,2025-01-21,745
2016-03-01,2025-02-18,745
2016-03-01,2025-03-20,745
2016-03-01,2025-04-15,742
2016-03-01,2025-05-13,742
2016-03-01,2025-06-10,742
2016-03-01,2025-07-17,742
2016-03-01,2025-08-12,742
2016-03-01,2025-09-16,742
2016-04-01,2024-02-13,747
2016-04-01,2024-03-12,747
2016-04-01,2024-04-16,748
2016-04-01,2024-05-14,748
2016-04-01,2024-06-11,748
2016-04-01,2024-07-18,748
2016-04-01,2024-08-13,748
2016-04-01,2024-09-10,748
2016-04-01,2024-10-15,748
2016-04-01,2024-11-12,748
2016-04-01,2024-12-17,748
2016-04-01,2025-01-21,748
2016-04-01,2025-02-18,748
2016-04-01,2025-03-20,748
2016-04-01,2025-04-15,745
2016-04-01,2025-05-13,745
2016-04-01,2025-06-10,745
2016-04-01,2025-07-17,745
2016-04-01,2025-08-12,745
2016-04-01,2025-09-16,745
2016-05-01,2024-02-13,750
2016-05-01,2024-03-12,750
2016-05-01,2024-04-16,750
2016-05-01,2024-05-14,750
2016-05-01,2024-06-11,750
2016-05-01,2024-07-18,750
2016-05-01,2024-08-13,750
2016-05-01,2024-09-10,750
2016-05-01,2024-10-15,750
2016-05-01,2024-11-12,750
2016-05-01,2024-12-17,750
2016-05-01,2025-01-21,750
2016-05-01,2025-02-18,750
2016-05-01,2025-03-20,750
2016-05-01,2025-04-15,746
2016-05-01,2025-05-13,746
2016-05-01,2025-06-10,746
2016-05-01,2025-07-17,746
2016-05-01,2025-08-12,746
2016-05-01,2025-09-16,746
2016-06-01,2024-02-13,749
2016-06-01,2024-03-12,749
2016-06-01,2024-04-16,749
2016-06-01,2024-05-14,749
2016-06-01,2024-06-11,749
2016-06-01,2024-07-18,749
2016-06-01,2024-08-13,749
2016-06-01,2024-09-10,749
2016-06-01,2024-10-15,749
2016-06-01,2024-11-12,749
2016-06-01,2024-12-17,749
2016-06-01,2025-01-21,749
2016-06-01,2025-02-18,749
2016-06-01,2025-03-20,749
2016-06-01,2025-04-15,747
2016-06-01,2025-05-13,747
2016-06-01,2025-06-10,747
2016-06-01,2025-07-17,747
2016-06-01,2025-08-12,747
2016-06-01,2025-09-16,747
2016-07-01,2024-02-13,754
2016-07-01,2024-03-12,754
2016-07-01,2024-04-16,753
2016-07-01,2024-05-14,753
2016-07-01,2024-06-11,753
2016-07-01,2024-07-18,753
2016-07-01,2024-08-13,753
2016-07-01,2024-09-10,753
2016-07-01,2024-10-15,753
2016-07-01,2024-11-12,753
2016-07-01,2024-12-17,753
2016-07-01,2025-01-21,753
2016-07-01,2025-02-18,753
2016-07-01,2025-03-20,753
2016-07-01,2025-04-15,752
2016-07-01,2025-05-13,752
2016-07-01,2025-06-10,752
2016-07-01,2025-07-17,752
2016-07-01,2025-08-12,752
2016-07-01,2025-09-16,752
2016-08-01,2024-02-13,755
2016-08-01,2024-03-12,755
2016-08-01,2024-04-16,755
2016-08-01,2024-05-14,755
2016-08-01,2024-06-11,755
2016-08-01,2024-07-18,755
2016-08-01,2024-08-13,755
2016-08-01,2024-09-10,755
2016-08-01,2024-10-15,755
2016-08-01,2024-11-12,755
2016-08-01,2024-12-17,755
2016-08-01,2025-01-21,755
2016-08-01,2025-02-18,755
2016-08-01,2025-03-20,755
2016-08-01,2025-04-15,753
2016-08-01,2025-05-13,753
2016-08-01,2025-06-10,753
2016-08-01,2025-07-17,753
2016-08-01,2025-08-12,753
2016-08-01,2025-09-16,753
2016-09-01,2024-02-13,758
2016-09-01,2024-03-12,758
2016-09-01,2024-04-16,762
2016-09-01,2024-05-14,762
2016-09-01,2024-06-11,762
2016-09-01,2024-07-18,762
2016-09-01,2024-08-13,762
2016-09-01,2024-09-10,762
2016-09-01,2024-10-15,762
2016-09-01,2024-11-12,762
2016-09-01,2024-12-17,762
2016-09-01,2025-01-21,762
2016-09-01,2025-02-18,762
2016-09-01,2025-03-20,762
2016-09-01,2025-04-15,765
2016-09-01,2025-05-13,765
2016-09-01,2025-06-10,765
2016-09-01,2025-07-17,765
2016-09-01,2025-08-12,765
2016-09-01,2025-09-16,765
2016-10-01,2024-02-13,750
2016-10-01,2024-03-12,750
2016-10-01,2024-04-16,751
2016-10-01,2024-05-14,758
2016-10-01,2024-06-11,758
2016-10-01,2024-07-18,758
2016-10-01,2024-08-13,758
2016-10-01,2024-09-10,751
2016-10-01,2024-10-15,751
2016-10-01,2024-11-12,751
2016-10-01,2024-12-17,751
2016-10-01,2025-01-21,751
2016-10-01,2025-02-18,751
2016-10-01,2025-03-20,758
2016-10-01,2025-04-15,751
2016-10-01,2025-05-13,751
2016-10-01,2025-06-10,751
2016-10-01,2025-07-17,751
2016-10-01,2025-08-12,758
2016-10-01,2025-09-16,758
2016-11-01,2024-02-13,757
2016-11-01,2024-03-12,757
2016-11-01,2024-04-16,758
2016-11-01,2024-05-14,758
2016-11-01,2024-06-11,758
2016-11-01,2024-07-18,758
2016-11-01,2024-08-13,758
2016-11-01,2024-09-10,758
2016-11-01,2024-10-15,758
2016-11-01,2024-11-12,758
2016-11-01,2024-12-17,758
2016-11-01,2025-01-21,758
2016-11-01,2025-02-18,758
2016-11-01,2025-03-20,758
2016-11-01,2025-04-15,755
2016-11-01,2025-05-13,755
2016-11-01,2025-06-10,755
2016-11-01,2025-07-17,755
2016-11-01,2025-08-12,755
2016-11-01,2025-09-16,755
2016-12-01,2024-02-13,759
2016-12-01,2024-03-12,759
2016-12-01,2024-04-16,754
2016-12-01,2024-05-14,754
2016-12-01,2024-06-11,754
2016-12-01,2024-07-18,754
2016-12-01,2024-08-13,754
2016-12-01,2024-09-10,754
2016-12-01,2024-10-15,754
2016-12-01,2024-11-12,754
2016-12-01,2024-12-17,754
2016-12-01,2025-01-21,754
2016-12-01,2025-02-18,754
2016-12-01,2025-03-20,754
2016-12-01,2025-04-15,748
2016-12-01,2025-05-13,748
2016-12-01,2025-06-10,748
2016-12-01,2025-07-17,748
2016-12-01,2025-08-12,748
2016-12-01,2025-09-16,748
2017-01-01,2024-02-13,770
2017-01-01,2024-03-12,770
2017-01-01,2024-04-16,767
2017-01-01,2024-05-14,767
2017-01-01,2024-06-11,767
2017-01-01,2024-07-18,767
2017-01-01,2024-08-13,767
2017-01-01,2024-09-10,767
2017-01-01,2024-10-15,767
2017-01-01,2024-11-12,767
2017-01-01,2024-12-17,767
2017-01-01,2025-01-21,767
2017-01-01,2025-02-18,767
2017-01-01,2025-03-20,767
2017-01-01,2025-04-15,764
2017-01-01,2025-05-13,764
2017-01-01,2025-06-10,764
2017-01-01,2025-07-17,764
2017-01-01,2025-08-12,764
2017-01-01,2025-09-16,764
2017-02-01,2024-02-13,777
2017-02-01,2024-03-12,777
2017-02-01,2024-04-16,773
2017-02-01,2024-05-14,773
2017-02-01,2024-06-11,773
2017-02-01,2024-07-18,773
2017-02-01,2024-08-13,773
2017-02-01,2024-09-10,773
2017-02-01,2024-10-15,773
2017-02-01,2024-11-12,773
2017-02-01,2024-12-17,773
2017-02-01,2025-01-21,773
2017-02-01,2025-02-18,773
2017-02-01,2025-03-20,773
2017-02-01,2025-04-15,771
2017-02-01,2025-05-13,771
2017-02-01,2025-06-10,771
2017-02-01,2025-07-17,771
2017-02-01,2025-08-12,771
2017-02-01,2025-09-16,771
2017-03-01,2024-02-13,792
2017-03-01,2024-03-12,792
2017-03-01,2024-04-16,788
2017-03-01,2024-05-14,788
2017-03-01,2024-06-11,788
2017-03-01,2024-07-18,788
2017-03-01,2024-08-13,788
2017-03-01,2024-09-10,788
2017-03-01,2024-10-15,788
2017-03-01,2024-11-12,788
2017-03-01,2024-12-17,788
2017-03-01,2025-01-21,788
2017-03-01,2025-02-18,788
2017-03-01,2025-03-20,788
2017-03-01,2025-04-15,791
2017-03-01,2025-05-13,791
2017-03-01,2025-06-10,791
2017-03-01,2025-07-17,791
2017-03-01,2025-08-12,791
2017-03-01,2025-09-16,791
2017-04-01,2024-02-13,784
2017-04-01,2024-03-12,784
2017-04-01,2024-04-16,783
2017-04-01,2024-05-14,783
2017-04-01,2024-06-11,783
2017-04-01,2024-07-18,783
2017-04-01,2024-08-13,783
2017-04-01,2024-09-10,783
2017-04-01,2024-10-15,783
2017-04-01,2024-11-12,783
2017-04-01,2024-12-17,783
2017-04-01,2025-01-21,783
2017-04-01,2025-02-18,783
2017-04-01,2025-03-20,783
2017-04-01,2025-04-15,786
2017-04-01,2025-05-13,786
2017-04-01,2025-06-10,786
2017-04-01,2025-07-17,786
2017-04-01,2025-08-12,786
2017-04-01,2025-09-16,786
2017-05-01,2024-02-13,781
2017-05-01,2024-03-12,781
2017-05-01,2024-04-16,782
2017-05-01,2024-05-14,782
2017-05-01,2024-06-11,782
2017-05-01,2024-07-18,782
2017-05-01,2024-08-13,782
2017-05-01,2024-09-10,782
2017-05-01,2024-10-15,782
2017-05-01,2024-11-12,782
2017-05-01,2024-12-17,782
2017-05-01,2025-01-21,782
2017-05-01,2025-02-18,782
2017-05-01,2025-03-20,782
2017-05-01,2025-04-15,786
2017-05-01,2025-05-13,786
2017-05-01,2025-06-10,786
2017-05-01,2025-07-17,786
2017-05-01,2025-08-12,786
2017-05-01,2025-09-16,786
2017-06-01,2024-02-13,781
2017-06-01,2024-03-12,781
2017-06-01,2024-04-16,785
2017-06-01,2024-05-14,785
2017-06-01,2024-06-11,785
2017-06-01,2024-07-18,785
2017-06-01,2024-08-13,785
2017-06-01,2024-09-10,785
2017-06-01,2024-10-15,785
2017-06-01,2024-11-12,785
2017-06-01,2024-12-17,785
2017-06-01,2025-01-21,785
2017-06-01,2025-02-18,785
2017-06-01,2025-03-20,785
2017-06-01,2025-04-15,784
2017-06-01,2025-05-13,784
2017-06-01,2025-06-10,784
2017-06-01,2025-07-17,784
2017-06-01,2025-08-12,784
2017-06-01,2025-09-16,784
2017-07-01,2024-02-13,790
2017-07-01,2024-03-12,790
2017-07-01,2024-04-16,794
2017-07-01,2024-05-14,794
2017-07-01,2024-06-11,794
2017-07-01,2024-07-18,794
2017-07-01,2024-08-13,794
2017-07-01,2024-09-10,794
2017-07-01,2024-10-15,794
2017-07-01,2024-11-12,794
2017-07-01,2024-12-17,794
2017-07-01,2025-01-21,794
2017-07-01,2025-02-18,794
2017-07-01,2025-03-20,794
2017-07-01,2025-04-15,793
2017-07-01,2025-05-13,793
2017-07-01,2025-06-10,793
2017-07-01,2025-07-17,793
2017-07-01,2025-08-12,793
2017-07-01,2025-09-16,793
2017-08-01,2024-02-13,798
2017-08-01,2024-03-12,798
2017-08-01,2024-04-16,799
2017-08-01,2024-05-14,799
2017-08-01,2024-06-11,799
2017-08-01,2024-07-18,799
2017-08-01,2024-08-13,799
2017-08-01,2024-09-10,799
2017-08-01,2024-10-15,799
2017-08-01,2024-11-12,799
2017-08-01,2024-12-17,799
2017-08-01,2025-01-21,799
2017-08-01,2025-02-18,799
2017-08-01,2025-03-20,799
2017-08-01,2025-04-15,800
2017-08-01,2025-05-13,800
2017-08-01,2025-06-10,800
2017-08-01,2025-07-17,800
2017-08-01,2025-08-12,800
2017-08-01,2025-09-16,800
2017-09-01,2024-02-13,805
2017-09-01,2024-03-12,805
2017-09-01,2024-04-16,809
2017-09-01,2024-05-14,809
2017-09-01,2024-06-11,809
2017-09-01,2024-07-18,809
2017-09-01,2024-08-13,809
2017-09-01,2024-09-10,809
2017-09-01,2024-10-15,809
2017-09-01,2024-11-12,809
2017-09-01,2024-12-17,809
2017-09-01,2025-01-21,809
2017-09-01,2025-02-18,809
2017-09-01,2025-03-20,809
2017-09-01,2025-04-15,812
2017-09-01,2025-05-13,812
2017-09-01,2025-06-10,812
2017-09-01,2025-07-17,812
2017-09-01,2025-08-12,812
2017-09-01,2025-09-16,812
2017-10-01,2024-02-13,790
2017-10-01,2024-03-12,816
2017-10-01,2024-04-16,790
2017-10-01,2024-05-14,790
2017-10-01,2024-06-11,790
2017-10-01,2024-07-18,790
2017-10-01,2024-08-13,790
2017-10-01,2024-09-10,819
2017-10-01,2024-10-15,790
2017-10-01,2024-11-12,790
2017-10-01,2024-12-17,790
2017-10-01,2025-01-21,790
2017-10-01,2025-02-18,790
2017-10-01,2025-03-20,790
2017-10-01,2025-04-15,790
2017-10-01,2025-05-13,790
2017-10-01,2025-06-10,819
2017-10-01,2025-07-17,790
2017-10-01,2025-08-12,790
2017-10-01,2025-09-16,790
2017-11-01,2024-02-13,821
2017-11-01,2024-03-12,821
2017-11-01,2024-04-16,821
2017-11-01,2024-05-14,821
2017-11-01,2024-06-11,821
2017-11-01,2024-07-18,821
2017-11-01,2024-08-13,821
2017-11-01,2024-09-10,821
2017-11-01,2024-10-15,821
2017-11-01,2024-11-12,821
2017-11-01,2024-12-17,821
2017-11-01,2025-01-21,821
2017-11-01,2025-02-18,821
2017-11-01,2025-03-20,821
2017-11-01,2025-04-15,820
2017-11-01,2025-05-13,820
2017-11-01,2025-06-10,820
2017-11-01,2025-07-17,820
2017-11-01,2025-08-12,820
2017-11-01,2025-09-16,820
2017-12-01,2024-02-13,828
2017-12-01,2024-03-12,828
2017-12-01,2024-04-16,822
2017-12-01,2024-05-14,822
2017-12-01,2024-06-11,822
2017-12-01,2024-07-18,822
2017-12-01,2024-08-13,822
2017-12-01,2024-09-10,822
2017-12-01,2024-10-15,822
2017-12-01,2024-11-12,822
2017-12-01,2024-12-17,822
2017-12-01,2025-01-21,822
2017-12-01,2025-02-18,822
2017-12-01,2025-03-20,822
2017-12-01,2025-04-15,817
2017-12-01,2025-05-13,817
2017-12-01,2025-06-10,817
2017-12-01,2025-07-17,817
2017-12-01,2025-08-12,817
2017-12-01,2025-09-16,817
2018-01-01,2024-02-13,819
2018-01-01,2024-03-12,819
2018-01-01,2024-04-16,815
2018-01-01,2024-05-14,815
2018-01-01,2024-06-11,815
2018-01-01,2024-07-18,815
2018-01-01,2024-08-13,815
2018-01-01,2024-09-10,815
2018-01-01,2024-10-15,815
2018-01-01,2024-11-12,815
2018-01-01,2024-12-17,815
2018-01-01,2025-01-21,815
2018-01-01,2025-02-18,815
2018-01-01,2025-03-20,815
2018-01-01,2025-04-15,814
2018-01-01,2025-05-13,814
2018-01-01,2025-06-10,814
2018-01-01,2025-07-17,814
2018-01-01,2025-08-12,814
2018-01-01,2025-09-16,814
2018-02-01,2024-02-13,818
2018-02-01,2024-03-12,818
2018-02-01,2024-04-16,814
2018-02-01,2024-05-14,814
2018-02-01,2024-06-11,814
2018-02-01,2024-07-18,814
2018-02-01,2024-08-13,814
2018-02-01,2024-09-10,814
2018-02-01,2024-10-15,814
2018-02-01,2024-11-12,814
2018-02-01,2024-12-17,814
2018-02-01,2025-01-21,814
2018-02-01,2025-02-18,814
2018-02-01,2025-03-20,814
2018-02-01,2025-04-15,815
2018-02-01,2025-05-13,815
2018-02-01,2025-06-10,815
2018-02-01,2025-07-17,815
2018-02-01,2025-08-12,815
2018-02-01,2025-09-16,815
2018-03-01,2024-02-13,816
2018-03-01,2024-03-12,816
2018-03-01,2024-04-16,812
2018-03-01,2024-05-14,812
2018-03-01,2024-06-11,812
2018-03-01,2024-07-18,812
2018-03-01,2024-08-13,812
2018-03-01,2024-09-10,812
2018-03-01,2024-10-15,812
2018-03-01,2024-11-12,812
2018-03-01,2024-12-17,812
2018-03-01,2025-01-21,812
2018-03-01,2025-02-18,812
2018-03-01,2025-03-20,812
2018-03-01,2025-04-15,811
2018-03-01,2025-05-13,811
2018-03-01,2025-06-10,811
2018-03-01,2025-07-17,811
2018-03-01,2025-08-12,811
2018-03-01,2025-09-16,811
2018-04-01,2024-02-13,820
2018-04-01,2024-03-12,820
2018-04-01,2024-04-16,819
2018-04-01,2024-05-14,819
2018-04-01,2024-06-11,819
2018-04-01,2024-07-18,819
2018-04-01,2024-08-13,819
2018-04-01,2024-09-10,819
2018-04-01,2024-10-15,819
2018-04-01,2024-11-12,819
2018-04-01,2024-12-17,819
2018-04-01,2025-01-21,819
2018-04-01,2025-02-18,819
2018-04-01,2025-03-20,819
2018-04-01,2025-04-15,821
2018-04-01,2025-05-13,821
2018-04-01,2025-06-10,821
2018-04-01,2025-07-17,821
2018-04-01,2025-08-12,821
2018-04-01,2025-09-16,821
2018-05-01,2024-02-13,828
2018-05-01,2024-03-12,828
2018-05-01,2024-04-16,829
2018-05-01,2024-05-14,829
2018-05-01,2024-06-11,829
2018-05-01,2024-07-18,829
2018-05-01,2024-08-13,829
2018-05-01,2024-09-10,829
2018-05-01,2024-10-15,829
2018-05-01,2024-11-12,829
2018-05-01,2024-12-17,829
2018-05-01,2025-01-21,829
2018-05-01,2025-02-18,829
2018-05-01,2025-03-20,829
2018-05-01,2025-04-15,832
2018-05-01,2025-05-13,832
2018-05-01,2025-06-10,832
2018-05-01,2025-07-17,832
2018-05-01,2025-08-12,832
2018-05-01,2025-09-16,832
2018-06-01,2024-02-13,834
2018-06-01,2024-03-12,834
2018-06-01,2024-04-16,839
2018-06-01,2024-05-14,839
2018-06-01,2024-06-11,839
2018-06-01,2024-07-18,839
2018-06-01,2024-08-13,839
2018-06-01,2024-09-10,839
2018-06-01,2024-10-15,839
2018-06-01,2024-11-12,839
2018-06-01,2024-12-17,839
2018-06-01,2025-01-21,839
2018-06-01,2025-02-18,839
2018-06-01,2025-03-20,839
2018-06-01,2025-04-15,837
2018-06-01,2025-05-13,837
2018-06-01,2025-06-10,837
2018-06-01,2025-07-17,837
2018-06-01,2025-08-12,837
2018-06-01,2025-09-16,837
2018-07-01,2024-02-13,839
2018-07-01,2024-03-12,839
2018-07-01,2024-04-16,843
2018-07-01,2024-05-14,843
2018-07-01,2024-06-11,843
2018-07-01,2024-07-18,843
2018-07-01,2024-08-13,843
2018-07-01,2024-09-10,843
2018-07-01,2024-10-15,843
2018-07-01,2024-11-12,843
2018-07-01,2024-12-17,843
2018-07-01,2025-01-21,843
2018-07-01,2025-02-18,843
2018-07-01,2025-03-20,843
2018-07-01,2025-04-15,842
2018-07-01,2025-05-13,842
2018-07-01,2025-06-10,842
2018-07-01,2025-07-17,842
2018-07-01,2025-08-12,842
2018-07-01,2025-09-16,842
2018-08-01,2024-02-13,843
2018-08-01,2024-03-12,843
2018-08-01,2024-04-16,844
2018-08-01,2024-05-14,844
2018-08-01,2024-06-11,844
2018-08-01,2024-07-18,844
2018-08-01,2024-08-13,844
2018-08-01,2024-09-10,844
2018-08-01,2024-10-15,844
2018-08-01,2024-11-12,844
2018-08-01,2024-12-17,844
2018-08-01,2025-01-21,844
2018-08-01,2025-02-18,844
2018-08-01,2025-03-20,844
2018-08-01,2025-04-15,846
2018-08-01,2025-05-13,846
2018-08-01,2025-06-10,846
2018-08-01,2025-07-17,846
2018-08-01,2025-08-12,846
2018-08-01,2025-09-16,846
2018-09-01,2024-02-13,857
2018-09-01,2024-03-12,857
2018-09-01,2024-04-16,862
2018-09-01,2024-05-14,862
2018-09-01,2024-06-11,862
2018-09-01,2024-07-18,862
2018-09-01,2024-08-13,862
2018-09-01,2024-09-10,862
2018-09-01,2024-10-15,862
2018-09-01,2024-11-12,862
2018-09-01,2024-12-17,862
2018-09-01,2025-01-21,862
2018-09-01,2025-02-18,862
2018-09-01,2025-03-20,862
2018-09-01,2025-04-15,864
2018-09-01,2025-05-13,864
2018-09-01,2025-06-10,864
2018-09-01,2025-07-17,864
2018-09-01,2025-08-12,864
2018-09-01,2025-09-16,864
2018-10-01,2024-02-13,835
2018-10-01,2024-03-12,835
2018-10-01,2024-04-16,835
2018-10-01,2024-05-14,835
2018-10-01,2024-06-11,835
2018-10-01,2024-07-18,835
2018-10-01,2024-08-13,835
2018-10-01,2024-09-10,835
2018-10-01,2024-10-15,835
2018-10-01,2024-11-12,835
2018-10-01,2024-12-17,835
2018-10-01,2025-01-21,835
2018-10-01,2025-02-18,861
2018-10-01,2025-03-20,835
2018-10-01,2025-04-15,835
2018-10-01,2025-05-13,835
2018-10-01,2025-06-10,835
2018-10-01,2025-07-17,862
2018-10-01,2025-08-12,835
2018-10-01,2025-09-16,835
2018-11-01,2024-02-13,857
2018-11-01,2024-03-12,857
2018-11-01,2024-04-16,856
2018-11-01,2024-05-14,856
2018-11-01,2024-06-11,856
2018-11-01,2024-07-18,856
2018-11-01,2024-08-13,856
2018-11-01,2024-09-10,856
2018-11-01,2024-10-15,856
2018-11-01,2024-11-12,856
2018-11-01,2024-12-17,856
2018-11-01,2025-01-21,856
2018-11-01,2025-02-18,856
2018-11-01,2025-03-20,856
2018-11-01,2025-04-15,856
2018-11-01,2025-05-13,856
2018-11-01,2025-06-10,856
2018-11-01,2025-07-17,856
2018-11-01,2025-08-12,856
2018-11-01,2025-09-16,856
2018-12-01,2024-02-13,865
2018-12-01,2024-03-12,865
2018-12-01,2024-04-16,859
2018-12-01,2024-05-14,859
2018-12-01,2024-06-11,859
2018-12-01,2024-07-18,859
2018-12-01,2024-08-13,859
2018-12-01,2024-09-10,859
2018-12-01,2024-10-15,859
2018-12-01,2024-11-12,859
2018-12-01,2024-12-17,859
2018-12-01,2025-01-21,859
2018-12-01,2025-02-18,859
2018-12-01,2025-03-20,859
2018-12-01,2025-04-15,855
2018-12-01,2025-05-13,855
2018-12-01,2025-06-10,855
2018-12-01,2025-07-17,855
2018-12-01,2025-08-12,855
2018-12-01,2025-09-16,855
2019-01-01,2024-02-13,852
2019-01-01,2024-03-12,852
2019-01-01,2024-04-16,847
2019-01-01,2024-05-14,847
2019-01-01,2024-06-11,847
2019-01-01,2024-07-18,847
2019-01-01,2024-08-13,847
2019-01-01,2024-09-10,847
2019-01-01,2024-10-15,847
2019-01-01,2024-11-12,847
2019-01-01,2024-12-17,847
2019-01-01,2025-01-21,847
2019-01-01,2025-02-18,847
2019-01-01,2025-03-20,847
2019-01-01,2025-04-15,847
2019-01-01,2025-05-13,847
2019-01-01,2025-06-10,847
2019-01-01,2025-07-17,847
2019-01-01,2025-08-12,847
2019-01-01,2025-09-16,847
2019-02-01,2024-02-13,850
2019-02-01,2024-03-12,850
2019-02-01,2024-04-16,845
2019-02-01,2024-05-14,845
2019-02-01,2024-06-11,845
2019-02-01,2024-07-18,845
2019-02-01,2024-08-13,845
2019-02-01,2024-09-10,845
2019-02-01,2024-10-15,845
2019-02-01,2024-11-12,845
2019-02-01,2024-12-17,845
2019-02-01,2025-01-21,845
2019-02-01,2025-02-18,845
2019-02-01,2025-03-20,845
2019-02-01,2025-04-15,845
2019-02-01,2025-05-13,845
2019-02-01,2025-06-10,845
2019-02-01,2025-07-17,845
2019-02-01,2025-08-12,845
2019-02-01,2025-09-16,845
2019-03-01,2024-02-13,843
2019-03-01,2024-03-12,843
2019-03-01,2024-04-16,840
2019-03-01,2024-05-14,840
2019-03-01,2024-06-11,840
2019-03-01,2024-07-18,840
2019-03-01,2024-08-13,840
2019-03-01,2024-09-10,840
2019-03-01,2024-10-15,840
2019-03-01,2024-11-12,840
2019-03-01,2024-12-17,840
2019-03-01,2025-01-21,840
2019-03-01,2025-02-18,840
2019-03-01,2025-03-20,840
2019-03-01,2025-04-15,840
2019-03-01,2025-05-13,840
2019-03-01,2025-06-10,840
2019-03-01,2025-07-17,840
2019-03-01,2025-08-12,840
2019-03-01,2025-09-16,840
2019-04-01,2024-02-13,836
2019-04-01,2024-03-12,836
2019-04-01,2024-04-16,835
2019-04-01,2024-05-14,835
2019-04-01,2024-06-11,835
2019-04-01,2024-07-18,835
2019-04-01,2024-08-13,835
2019-04-01,2024-09-10,835
2019-04-01,2024-10-15,835
2019-04-01,2024-11-12,835
2019-04-01,2024-12-17,835
2019-04-01,2025-01-21,835
2019-04-01,2025-02-18,835
2019-04-01,2025-03-20,835
2019-04-01,2025-04-15,835
2019-04-01,2025-05-13,835
2019-04-01,2025-06-10,835
2019-04-01,2025-07-17,835
2019-04-01,2025-08-12,835
2019-04-01,2025-09-16,835
2019-05-01,2024-02-13,819
2019-05-01,2024-03-12,819
2019-05-01,2024-04-16,821
2019-05-01,2024-05-14,821
2019-05-01,2024-06-11,821
2019-05-01,2024-07-18,821
2019-05-01,2024-08-13,821
2019-05-01,2024-09-10,821
2019-05-01,2024-10-15,821
2019-05-01,2024-11-12,821
2019-05-01,2024-12-17,821
2019-05-01,2025-01-21,821
2019-05-01,2025-02-18,821
2019-05-01,2025-03-20,821
2019-05-01,2025-04-15,822
2019-05-01,2025-05-13,822
2019-05-01,2025-06-10,822
2019-05-01,2025-07-17,822
2019-05-01,2025-08-12,822
2019-05-01,2025-09-16,822
2019-06-01,2024-02-13,817
2019-06-01,2024-03-12,817
2019-06-01,2024-04-16,823
2019-06-01,2024-05-14,823
2019-06-01,2024-06-11,823
2019-06-01,2024-07-18,823
2019-06-01,2024-08-13,823
2019-06-01,2024-09-10,823
2019-06-01,2024-10-15,823
2019-06-01,2024-11-12,823
2019-06-01,2024-12-17,823
2019-06-01,2025-01-21,823
2019-06-01,2025-02-18,823
2019-06-01,2025-03-20,823
2019-06-01,2025-04-15,821
2019-06-01,2025-05-13,821
2019-06-01,2025-06-10,821
2019-06-01,2025-07-17,821
2019-06-01,2025-08-12,821
2019-06-01,2025-09-16,821
2019-07-01,2024-02-13,811
2019-07-01,2024-03-12,811
2019-07-01,2024-04-16,816
2019-07-01,2024-05-14,816
2019-07-01,2024-06-11,816
2019-07-01,2024-07-18,816
2019-07-01,2024-08-13,816
2019-07-01,2024-09-10,816
2019-07-01,2024-10-15,816
2019-07-01,2024-11-12,816
2019-07-01,2024-12-17,816
2019-07-01,2025-01-21,816
2019-07-01,2025-02-18,816
2019-07-01,2025-03-20,816
2019-07-01,2025-04-15,815
2019-07-01,2025-05-13,815
2019-07-01,2025-06-10,815
2019-07-01,2025-07-17,815
2019-07-01,2025-08-12,815
2019-07-01,2025-09-16,815
2019-08-01,2024-02-13,816
2019-08-01,2024-03-12,816
2019-08-01,2024-04-16,817
2019-08-01,2024-05-14,817
2019-08-01,2024-06-11,817
2019-08-01,2024-07-18,817
2019-08-01,2024-08-13,817
2019-08-01,2024-09-10,817
2019-08-01,2024-10-15,817
2019-08-01,2024-11-12,817
2019-08-01,2024-12-17,817
2019-08-01,2025-01-21,817
2019-08-01,2025-02-18,817
2019-08-01,2025-03-20,817
2019-08-01,2025-04-15,818
2019-08-01,2025-05-13,818
2019-08-01,2025-06-10,818
2019-08-01,2025-07-17,818
2019-08-01,2025-08-12,818
2019-08-01,2025-09-16,818
2019-09-01,2024-02-13,804
2019-09-01,2024-03-12,804
2019-09-01,2024-04-16,810
2019-09-01,2024-05-14,810
2019-09-01,2024-06-11,810
2019-09-01,2024-07-18,810
2019-09-01,2024-08-13,810
2019-09-01,2024-09-10,810
2019-09-01,2024-10-15,810
2019-09-01,2024-11-12,810
2019-09-01,2024-12-17,810
2019-09-01,2025-01-21,810
2019-09-01,2025-02-18,810
2019-09-01,2025-03-20,810
2019-09-01,2025-04-15,813
2019-09-01,2025-05-13,813
2019-09-01,2025-06-10,813
2019-09-01,2025-07-17,813
2019-09-01,2025-08-12,813
2019-09-01,2025-09-16,813
2019-10-01,2024-02-13,827
2019-10-01,2024-03-12,827
2019-10-01,2024-04-16,807
2019-10-01,2024-05-14,807
2019-10-01,2024-06-11,807
2019-10-01,2024-07-18,828
2019-10-01,2024-08-13,828
2019-10-01,2024-09-10,828
2019-10-01,2024-10-15,807
2019-10-01,2024-11-12,807
2019-10-01,2024-12-17,807
2019-10-01,2025-01-21,828
2019-10-01,2025-02-18,807
2019-10-01,2025-03-20,807
2019-10-01,2025-04-15,809
2019-10-01,2025-05-13,809
2019-10-01,2025-06-10,828
2019-10-01,2025-07-17,828
2019-10-01,2025-08-12,828
2019-10-01,2025-09-16,828
2019-11-01,2024-02-13,811
2019-11-01,2024-03-12,811
2019-11-01,2024-04-16,810
2019-11-01,2024-05-14,810
2019-11-01,2024-06-11,810
2019-11-01,2024-07-18,810
2019-11-01,2024-08-13,810
2019-11-01,2024-09-10,810
2019-11-01,2024-10-15,810
2019-11-01,2024-11-12,810
2019-11-01,2024-12-17,810
2019-11-01,2025-01-21,810
2019-11-01,2025-02-18,810
2019-11-01,2025-03-20,810
2019-11-01,2025-04-15,811
2019-11-01,2025-05-13,811
2019-11-01,2025-06-10,811
2019-11-01,2025-07-17,811
2019-11-01,2025-08-12,811
2019-11-01,2025-09-16,811
2019-12-01,2024-02-13,822
2019-12-01,2024-03-12,822
2019-12-01,2024-04-16,816
2019-12-01,2024-05-14,816
2019-12-01,2024-06-11,816
2019-12-01,2024-07-18,816
2019-12-01,2024-08-13,816
2019-12-01,2024-09-10,816
2019-12-01,2024-10-15,816
2019-12-01,2024-11-12,816
2019-12-01,2024-12-17,816
2019-12-01,2025-01-21,816
2019-12-01,2025-02-18,816
2019-12-01,2025-03-20,816
2019-12-01,2025-04-15,812
2019-12-01,2025-05-13,812
2019-12-01,2025-06-10,812
2019-12-01,2025-07-17,812
2019-12-01,2025-08-12,812
2019-12-01,2025-09-16,812
2020-01-01,2024-02-13,826
2020-01-01,2024-03-12,826
2020-01-01,2024-04-16,819
2020-01-01,2024-05-14,819
2020-01-01,2024-06-11,819
2020-01-01,2024-07-18,819
2020-01-01,2024-08-13,819
2020-01-01,2024-09-10,819
2020-01-01,2024-10-15,819
2020-01-01,2024-11-12,819
2020-01-01,2024-12-17,819
2020-01-01,2025-01-21,819
2020-01-01,2025-02-18,819
2020-01-01,2025-03-20,819
2020-01-01,2025-04-15,819
2020-01-01,2025-05-13,819
2020-01-01,2025-06-10,819
2020-01-01,2025-07-17,819
2020-01-01,2025-08-12,819
2020-01-01,2025-09-16,819
2020-02-01,2024-02-13,801
2020-02-01,2024-03-12,801
2020-02-01,2024-04-16,796
2020-02-01,2024-05-14,796
2020-02-01,2024-06-11,796
2020-02-01,2024-07-18,796
2020-02-01,2024-08-13,796
2020-02-01,2024-09-10,796
2020-02-01,2024-10-15,796
2020-02-01,2024-11-12,796
2020-02-01,2024-12-17,796
2020-02-01,2025-01-21,796
2020-02-01,2025-02-18,796
2020-02-01,2025-03-20,796
2020-02-01,2025-04-15,795
2020-02-01,2025-05-13,795
2020-02-01,2025-06-10,795
2020-02-01,2025-07-17,795
2020-02-01,2025-08-12,795
2020-02-01,2025-09-16,795
2020-03-01,2024-02-13,642
2020-03-01,2024-03-12,642
2020-03-01,2024-04-16,638
2020-03-01,2024-05-14,638
2020-03-01,2024-06-11,638
2020-03-01,2024-07-18,638
2020-03-01,2024-08-13,638
2020-03-01,2024-09-10,638
2020-03-01,2024-10-15,638
2020-03-01,2024-11-12,638
2020-03-01,2024-12-17,638
2020-03-01,2025-01-21,638
2020-03-01,2025-02-18,638
2020-03-01,2025-03-20,638
2020-03-01,2025-04-15,637
2020-03-01,2025-05-13,637
2020-03-01,2025-06-10,637
2020-03-01,2025-07-17,637
2020-03-01,2025-08-12,637
2020-03-01,2025-09-16,637
2020-04-01,2024-02-13,473
2020-04-01,2024-03-12,473
2020-04-01,2024-04-16,472
2020-04-01,2024-05-14,472
2020-04-01,2024-06-11,472
2020-04-01,2024-07-18,472
2020-04-01,2024-08-13,472
2020-04-01,2024-09-10,472
2020-04-01,2024-10-15,472
2020-04-01,2024-11-12,472
2020-04-01,2024-12-17,472
2020-04-01,2025-01-21,472
2020-04-01,2025-02-18,472
2020-04-01,2025-03-20,472
2020-04-01,2025-04-15,471
2020-04-01,2025-05-13,471
2020-04-01,2025-06-10,471
2020-04-01,2025-07-17,471
2020-04-01,2025-08-12,471
2020-04-01,2025-09-16,471
2020-05-01,2024-02-13,326
2020-05-01,2024-03-12,326
2020-05-01,2024-04-16,328
2020-05-01,2024-05-14,328
2020-05-01,2024-06-11,328
2020-05-01,2024-07-18,328
2020-05-01,2024-08-13,328
2020-05-01,2024-09-10,328
2020-05-01,2024-10-15,328
2020-05-01,2024-11-12,328
2020-05-01,2024-12-17,328
2020-05-01,2025-01-21,328
2020-05-01,2025-02-18,328
2020-05-01,2025-03-20,328
2020-05-01,2025-04-15,328
2020-05-01,2025-05-13,328
2020-05-01,2025-06-10,328
2020-05-01,2025-07-17,328
2020-05-01,2025-08-12,328
2020-05-01,2025-09-16,328
2020-06-01,2024-02-13,365
2020-06-01,2024-03-12,365
2020-06-01,2024-04-16,371
2020-06-01,2024-05-14,371
2020-06-01,2024-06-11,371
2020-06-01,2024-07-18,371
2020-06-01,2024-08-13,371
2020-06-01,2024-09-10,371
2020-06-01,2024-10-15,371
2020-06-01,2024-11-12,371
2020-06-01,2024-12-17,371
2020-06-01,2025-01-21,371
2020-06-01,2025-02-18,371
2020-06-01,2025-03-20,371
2020-06-01,2025-04-15,369
2020-06-01,2025-05-13,369
2020-06-01,2025-06-10,369
2020-06-01,2025-07-17,369
2020-06-01,2025-08-12,369
2020-06-01,2025-09-16,369
2020-07-01,2024-02-13,423
2020-07-01,2024-03-12,423
2020-07-01,2024-04-16,429
2020-07-01,2024-05-14,429
2020-07-01,2024-06-11,429
2020-07-01,2024-07-18,429
2020-07-01,2024-08-13,429
2020-07-01,2024-09-10,429
2020-07-01,2024-10-15,429
2020-07-01,2024-11-12,429
2020-07-01,2024-12-17,429
2020-07-01,2025-01-21,429
2020-07-01,2025-02-18,429
2020-07-01,2025-03-20,429
2020-07-01,2025-04-15,428
2020-07-01,2025-05-13,428
2020-07-01,2025-06-10,428
2020-07-01,2025-07-17,428
2020-07-01,2025-08-12,428
2020-07-01,2025-09-16,428
2020-08-01,2024-02-13,488
2020-08-01,2024-03-12,488
2020-08-01,2024-04-16,488
2020-08-01,2024-05-14,488
2020-08-01,2024-06-11,488
2020-08-01,2024-07-18,488
2020-08-01,2024-08-13,488
2020-08-01,2024-09-10,488
2020-08-01,2024-10-15,488
2020-08-01,2024-11-12,488
2020-08-01,2024-12-17,488
2020-08-01,2025-01-21,488
2020-08-01,2025-02-18,488
2020-08-01,2025-03-20,488
2020-08-01,2025-04-15,490
2020-08-01,2025-05-13,490
2020-08-01,2025-06-10,490
2020-08-01,2025-07-17,490
2020-08-01,2025-08-12,490
2020-08-01,2025-09-16,490
2020-09-01,2024-02-13,524
2020-09-01,2024-03-12,524
2020-09-01,2024-04-16,531
2020-09-01,2024-05-14,531
2020-09-01,2024-06-11,531
2020-09-01,2024-07-18,531
2020-09-01,2024-08-13,531
2020-09-01,2024-09-10,531
2020-09-01,2024-10-15,531
2020-09-01,2024-11-12,531
2020-09-01,2024-12-17,531
2020-09-01,2025-01-21,531
2020-09-01,2025-02-18,531
2020-09-01,2025-03-20,531
2020-09-01,2025-04-15,535
2020-09-01,2025-05-13,535
2020-09-01,2025-06-10,535
2020-09-01,2025-07-17,535
2020-09-01,2025-08-12,535
2020-09-01,2025-09-16,535
2020-10-01,2024-02-13,570
2020-10-01,2024-03-12,570
2020-10-01,2024-04-16,570
2020-10-01,2024-05-14,570
2020-10-01,2024-06-11,570
2020-10-01,2024-07-18,570
2020-10-01,2024-08-13,570
2020-10-01,2024-09-10,570
2020-10-01,2024-10-15,570
2020-10-01,2024-11-12,570
2020-10-01,2024-12-17,570
2020-10-01,2025-01-21,570
2020-10-01,2025-02-18,570
2020-10-01,2025-03-20,570
2020-10-01,2025-04-15,571
2020-10-01,2025-05-13,571
2020-10-01,2025-06-10,571
2020-10-01,2025-07-17,571
2020-10-01,2025-08-12,560
2020-10-01,2025-09-16,560
2020-11-01,2024-02-13,601
2020-11-01,2024-03-12,601
2020-11-01,2024-04-16,600
2020-11-01,2024-05-14,600
2020-11-01,2024-06-11,600
2020-11-01,2024-07-18,600
2020-11-01,2024-08-13,600
2020-11-01,2024-09-10,600
2020-11-01,2024-10-15,600
2020-11-01,2024-11-12,600
2020-11-01,2024-12-17,600
2020-11-01,2025-01-21,600
2020-11-01,2025-02-18,600
2020-11-01,2025-03-20,600
2020-11-01,2025-04-15,602
2020-11-01,2025-05-13,602
2020-11-01,2025-06-10,602
2020-11-01,2025-07-17,602
2020-11-01,2025-08-12,602
2020-11-01,2025-09-16,602
2020-12-01,2024-02-13,626
2020-12-01,2024-03-12,626
2020-12-01,2024-04-16,619
2020-12-01,2024-05-14,619
2020-12-01,2024-06-11,619
2020-12-01,2024-07-18,619
2020-12-01,2024-08-13,619
2020-12-01,2024-09-10,619
2020-12-01,2024-10-15,619
2020-12-01,2024-11-12,619
2020-12-01,2024-12-17,619
2020-12-01,2025-01-21,619
2020-12-01,2025-02-18,619
2020-12-01,2025-03-20,619
2020-12-01,2025-04-15,617
2020-12-01,2025-05-13,617
2020-12-01,2025-06-10,617
2020-12-01,2025-07-17,617
2020-12-01,2025-08-12,617
2020-12-01,2025-09-16,617
2021-01-01,2024-02-13,628
2021-01-01,2024-03-12,628
2021-01-01,2024-04-16,621
2021-01-01,2024-05-14,621
2021-01-01,2024-06-11,621
2021-01-01,2024-07-18,621
2021-01-01,2024-08-13,621
2021-01-01,2024-09-10,621
2021-01-01,2024-10-15,621
2021-01-01,2024-11-12,621
2021-01-01,2024-12-17,621
2021-01-01,2025-01-21,621
2021-01-01,2025-02-18,621
2021-01-01,2025-03-20,621
2021-01-01,2025-04-15,621
2021-01-01,2025-05-13,621
2021-01-01,2025-06-10,621
2021-01-01,2025-07-17,621
2021-01-01,2025-08-12,621
2021-01-01,2025-09-16,621
2021-02-01,2024-02-13,634
2021-02-01,2024-03-12,634
2021-02-01,2024-04-16,628
2021-02-01,2024-05-14,628
2021-02-01,2024-06-11,628
2021-02-01,2024-07-18,628
2021-02-01,2024-08-13,628
2021-02-01,2024-09-10,628
2021-02-01,2024-10-15,628
2021-02-01,2024-11-12,628
2021-02-01,2024-12-17,628
2021-02-01,2025-01-21,628
2021-02-01,2025-02-18,628
2021-02-01,2025-03-20,628
2021-02-01,2025-04-15,626
2021-02-01,2025-05-13,626
2021-02-01,2025-06-10,626
2021-02-01,2025-07-17,626
2021-02-01,2025-08-12,626
2021-02-01,2025-09-16,626
2021-03-01,2024-02-13,668
2021-03-01,2024-03-12,668
2021-03-01,2024-04-16,663
2021-03-01,2024-05-14,663
2021-03-01,2024-06-11,663
2021-03-01,2024-07-18,663
2021-03-01,2024-08-13,663
2021-03-01,2024-09-10,663
2021-03-01,2024-10-15,663
2021-03-01,2024-11-12,663
2021-03-01,2024-12-17,663
2021-03-01,2025-01-21,663
2021-03-01,2025-02-18,663
2021-03-01,2025-03-20,663
2021-03-01,2025-04-15,659
2021-03-01,2025-05-13,659
2021-03-01,2025-06-10,659
2021-03-01,2025-07-17,659
2021-03-01,2025-08-12,659
2021-03-01,2025-09-16,659
2021-04-01,2024-02-13,767
2021-04-01,2024-03-12,767
2021-04-01,2024-04-16,765
2021-04-01,2024-05-14,765
2021-04-01,2024-06-11,765
2021-04-01,2024-07-18,765
2021-04-01,2024-08-13,765
2021-04-01,2024-09-10,765
2021-04-01,2024-10-15,765
2021-04-01,2024-11-12,765
2021-04-01,2024-12-17,765
2021-04-01,2025-01-21,765
2021-04-01,2025-02-18,765
2021-04-01,2025-03-20,765
2021-04-01,2025-04-15,764
2021-04-01,2025-05-13,764
2021-04-01,2025-06-10,764
2021-04-01,2025-07-17,764
2021-04-01,2025-08-12,764
2021-04-01,2025-09-16,764
2021-05-01,2024-02-13,864
2021-05-01,2024-03-12,864
2021-05-01,2024-04-16,867
2021-05-01,2024-05-14,867
2021-05-01,2024-06-11,867
2021-05-01,2024-07-18,867
2021-05-01,2024-08-13,867
2021-05-01,2024-09-10,867
2021-05-01,2024-10-15,867
2021-05-01,2024-11-12,867
2021-05-01,2024-12-17,867
2021-05-01,2025-01-21,867
2021-05-01,2025-02-18,867
2021-05-01,2025-03-20,867
2021-05-01,2025-04-15,867
2021-05-01,2025-05-13,867
2021-05-01,2025-06-10,867
2021-05-01,2025-07-17,867
2021-05-01,2025-08-12,867
2021-05-01,2025-09-16,867
2021-06-01,2024-02-13,964
2021-06-01,2024-03-12,964
2021-06-01,2024-04-16,971
2021-06-01,2024-05-14,971
2021-06-01,2024-06-11,971
2021-06-01,2024-07-18,971
2021-06-01,2024-08-13,971
2021-06-01,2024-09-10,971
2021-06-01,2024-10-15,971
2021-06-01,2024-11-12,971
2021-06-01,2024-12-17,971
2021-06-01,2025-01-21,971
2021-06-01,2025-02-18,971
2021-06-01,2025-03-20,971
2021-06-01,2025-04-15,968
2021-06-01,2025-05-13,968
2021-06-01,2025-06-10,968
2021-06-01,2025-07-17,968
2021-06-01,2025-08-12,968
2021-06-01,2025-09-16,968
2021-07-01,2024-02-13,1046
2021-07-01,2024-03-12,1046
2021-07-01,2024-04-16,1052
2021-07-01,2024-05-14,1052
2021-07-01,2024-06-11,1052
2021-07-01,2024-07-18,1052
2021-07-01,2024-08-13,1052
2021-07-01,2024-09-10,1052
2021-07-01,2024-10-15,1052
2021-07-01,2024-11-12,1052
2021-07-01,2024-12-17,1052
2021-07-01,2025-01-21,1052
2021-07-01,2025-02-18,1052
2021-07-01,2025-03-20,1052
2021-07-01,2025-04-15,1052
2021-07-01,2025-05-13,1052
2021-07-01,2025-06-10,1052
2021-07-01,2025-07-17,1052
2021-07-01,2025-08-12,1052
2021-07-01,2025-09-16,1052
2021-08-01,2024-02-13,1121
2021-08-01,2024-03-12,1121
2021-08-01,2024-04-16,1122
2021-08-01,2024-05-14,1122
2021-08-01,2024-06-11,1122
2021-08-01,2024-07-18,1122
2021-08-01,2024-08-13,1122
2021-08-01,2024-09-10,1122
2021-08-01,2024-10-15,1122
2021-08-01,2024-11-12,1122
2021-08-01,2024-12-17,1122
2021-08-01,2025-01-21,1122
2021-08-01,2025-02-18,1122
2021-08-01,2025-03-20,1122
2021-08-01,2025-04-15,1125
2021-08-01,2025-05-13,1125
2021-08-01,2025-06-10,1125
2021-08-01,2025-07-17,1125
2021-08-01,2025-08-12,1125
2021-08-01,2025-09-16,1125
2021-09-01,2024-02-13,1186
2021-09-01,2024-03-12,1186
2021-09-01,2024-04-16,1194
2021-09-01,2024-05-14,1194
2021-09-01,2024-06-11,1194
2021-09-01,2024-07-18,1194
2021-09-01,2024-08-13,1194
2021-09-01,2024-09-10,1194
2021-09-01,2024-10-15,1194
2021-09-01,2024-11-12,1194
2021-09-01,2024-12-17,1194
2021-09-01,2025-01-21,1194
2021-09-01,2025-02-18,1194
2021-09-01,2025-03-20,1194
2021-09-01,2025-04-15,1198
2021-09-01,2025-05-13,1198
2021-09-01,2025-06-10,1198
2021-09-01,2025-07-17,1198
2021-09-01,2025-08-12,1198
2021-09-01,2025-09-16,1198
2021-10-01,2024-02-13,1214
2021-10-01,2024-03-12,1214
2021-10-01,2024-04-16,1218
2021-10-01,2024-05-14,1218
2021-10-01,2024-06-11,1218
2021-10-01,2024-07-18,1218
2021-10-01,2024-08-13,1218
2021-10-01,2024-09-10,1218
2021-10-01,2024-10-15,1218
2021-10-01,2024-11-12,1218
2021-10-01,2024-12-17,1218
2021-10-01,2025-01-21,1218
2021-10-01,2025-02-18,1218
2021-10-01,2025-03-20,1218
2021-10-01,2025-04-15,1223
2021-10-01,2025-05-13,1223
2021-10-01,2025-06-10,914
2021-10-01,2025-07-17,914
2021-10-01,2025-08-12,914
2021-10-01,2025-09-16,914
2021-11-01,2024-02-13,1241
2021-11-01,2024-03-12,1241
2021-11-01,2024-04-16,1241
2021-11-01,2024-05-14,1241
2021-11-01,2024-06-11,1241
2021-11-01,2024-07-18,1241
2021-11-01,2024-08-13,1241
2021-11-01,2024-09-10,1241
2021-11-01,2024-10-15,1241
2021-11-01,2024-11-12,1241
2021-11-01,2024-12-17,1241
2021-11-01,2025-01-21,1241
2021-11-01,2025-02-18,1241
2021-11-01,2025-03-20,1241
2021-11-01,2025-04-15,1243
2021-11-01,2025-05-13,1243
2021-11-01,2025-06-10,1243
2021-11-01,2025-07-17,1243
2021-11-01,2025-08-12,1243
2021-11-01,2025-09-16,1243
2021-12-01,2024-02-13,1264
2021-12-01,2024-03-12,1264
2021-12-01,2024-04-16,1257
2021-12-01,2024-05-14,1257
2021-12-01,2024-06-11,1257
2021-12-01,2024-07-18,1257
2021-12-01,2024-08-13,1257
2021-12-01,2024-09-10,1257
2021-12-01,2024-10-15,1257
2021-12-01,2024-11-12,1257
2021-12-01,2024-12-17,1257
2021-12-01,2025-01-21,1257
2021-12-01,2025-02-18,1257
2021-12-01,2025-03-20,1257
2021-12-01,2025-04-15,1250
2021-12-01,2025-05-13,1250
2021-12-01,2025-06-10,1250
2021-12-01,2025-07-17,1250
2021-12-01,2025-08-12,1250
2021-12-01,2025-09-16,1250
2022-01-01,2024-02-13,1281
2022-01-01,2024-03-12,1281
2022-01-01,2024-04-16,1273
2022-01-01,2024-05-14,1273
2022-01-01,2024-06-11,1273
2022-01-01,2024-07-18,1273
2022-01-01,2024-08-13,1273
2022-01-01,2024-09-10,1273
2022-01-01,2024-10-15,1273
2022-01-01,2024-11-12,1273
2022-01-01,2024-12-17,1273
2022-01-01,2025-01-21,1273
2022-01-01,2025-02-18,1273
2022-01-01,2025-03-20,1273
2022-01-01,2025-04-15,1267
2022-01-01,2025-05-13,1267
2022-01-01,2025-06-10,1267
2022-01-01,2025-07-17,1267
2022-01-01,2025-08-12,1267
2022-01-01,2025-09-16,1267
2022-02-01,2024-02-13,1293
2022-02-01,2024-03-12,1293
2022-02-01,2024-04-16,1286
2022-02-01,2024-05-14,1286
2022-02-01,2024-06-11,1286
2022-02-01,2024-07-18,1286
2022-02-01,2024-08-13,1286
2022-02-01,2024-09-10,1286
2022-02-01,2024-10-15,1286
2022-02-01,2024-11-12,1286
2022-02-01,2024-12-17,1286
2022-02-01,2025-01-21,1286
2022-02-01,2025-02-18,1286
2022-02-01,2025-03-20,1286
2022-02-01,2025-04-15,1276
2022-02-01,2025-05-13,1276
2022-02-01,2025-06-10,1276
2022-02-01,2025-07-17,1276
2022-02-01,2025-08-12,1276
2022-02-01,2025-09-16,1276
2022-03-01,2024-02-13,1297
2022-03-01,2024-03-12,1297
2022-03-01,2024-04-16,1296
2022-03-01,2024-05-14,1296
2022-03-01,2024-06-11,1296
2022-03-01,2024-07-18,1296
2022-03-01,2024-08-13,1296
2022-03-01,2024-09-10,1296
2022-03-01,2024-10-15,1296
2022-03-01,2024-11-12,1296
2022-03-01,2024-12-17,1296
2022-03-01,2025-01-21,1296
2022-03-01,2025-02-18,1296
2022-03-01,2025-03-20,1296
2022-03-01,2025-04-15,1291
2022-03-01,2025-05-13,1291
2022-03-01,2025-06-10,1291
2022-03-01,2025-07-17,1291
2022-03-01,2025-08-12,1291
2022-03-01,2025-09-16,1291
2022-04-01,2024-02-13,1302
2022-04-01,2024-03-12,1302
2022-04-01,2024-04-16,1304
2022-04-01,2024-05-14,1304
2022-04-01,2024-06-11,1304
2022-04-01,2024-07-18,1304
2022-04-01,2024-08-13,1304
2022-04-01,2024-09-10,1304
2022-04-01,2024-10-15,1304
2022-04-01,2024-11-12,1304
2022-04-01,2024-12-17,1304
2022-04-01,2025-01-21,1304
2022-04-01,2025-02-18,1304
2022-04-01,2025-03-20,1304
2022-04-01,2025-04-15,1300
2022-04-01,2025-05-13,1300
2022-04-01,2025-06-10,1300
2022-04-01,2025-07-17,1300
2022-04-01,2025-08-12,1300
2022-04-01,2025-09-16,1300
2022-05-01,2024-02-13,1299
2022-05-01,2024-03-12,1299
2022-05-01,2024-04-16,1299
2022-05-01,2024-05-14,1299
2022-05-01,2024-06-11,1299
2022-05-01,2024-07-18,1299
2022-05-01,2024-08-13,1299
2022-05-01,2024-09-10,1299
2022-05-01,2024-10-15,1299
2022-05-01,2024-11-12,1299
2022-05-01,2024-12-17,1299
2022-05-01,2025-01-21,1299
2022-05-01,2025-02-18,1299
2022-05-01,2025-03-20,1299
2022-05-01,2025-04-15,1290
2022-05-01,2025-05-13,1290
2022-05-01,2025-06-10,1290
2022-05-01,2025-07-17,1290
2022-05-01,2025-08-12,1290
2022-05-01,2025-09-16,1290
2022-06-01,2024-02-13,1275
2022-06-01,2024-03-12,1275
2022-06-01,2024-04-16,1280
2022-06-01,2024-05-14,1280
2022-06-01,2024-06-11,1280
2022-06-01,2024-07-18,1280
2022-06-01,2024-08-13,1280
2022-06-01,2024-09-10,1280
2022-06-01,2024-10-15,1280
2022-06-01,2024-11-12,1280
2022-06-01,2024-12-17,1280
2022-06-01,2025-01-21,1280
2022-06-01,2025-02-18,1280
2022-06-01,2025-03-20,1280
2022-06-01,2025-04-15,1263
2022-06-01,2025-05-13,1263
2022-06-01,2025-06-10,1263
2022-06-01,2025-07-17,1263
2022-06-01,2025-08-12,1263
2022-06-01,2025-09-16,1263
2022-07-01,2024-02-13,1257
2022-07-01,2024-03-12,1257
2022-07-01,2024-04-16,1259
2022-07-01,2024-05-14,1259
2022-07-01,2024-06-11,1259
2022-07-01,2024-07-18,1259
2022-07-01,2024-08-13,1259
2022-07-01,2024-09-10,1259
2022-07-01,2024-10-15,1259
2022-07-01,2024-11-12,1259
2022-07-01,2024-12-17,1259
2022-07-01,2025-01-21,1259
2022-07-01,2025-02-18,1259
2022-07-01,2025-03-20,1259
2022-07-01,2025-04-15,1244
2022-07-01,2025-05-13,1244
2022-07-01,2025-06-10,1244
2022-07-01,2025-07-17,1244
2022-07-01,2025-08-12,1244
2022-07-01,2025-09-16,1244
2022-08-01,2024-02-13,1244
2022-08-01,2024-03-12,1244
2022-08-01,2024-04-16,1233
2022-08-01,2024-05-14,1233
2022-08-01,2024-06-11,1233
2022-08-01,2024-07-18,1233
2022-08-01,2024-08-13,1233
2022-08-01,2024-09-10,1233
2022-08-01,2024-10-15,1233
2022-08-01,2024-11-12,1233
2022-08-01,2024-12-17,1233
2022-08-01,2025-01-21,1233
2022-08-01,2025-02-18,1233
2022-08-01,2025-03-20,1233
2022-08-01,2025-04-15,1222
2022-08-01,2025-05-13,1222
2022-08-01,2025-06-10,1222
2022-08-01,2025-07-17,1222
2022-08-01,2025-08-12,1222
2022-08-01,2025-09-16,1222
2022-09-01,2024-02-13,1214
2022-09-01,2024-03-12,1214
2022-09-01,2024-04-16,1216
2022-09-01,2024-05-14,1216
2022-09-01,2024-06-11,1216
2022-09-01,2024-07-18,1216
2022-09-01,2024-08-13,1216
2022-09-01,2024-09-10,1216
2022-09-01,2024-10-15,1216
2022-09-01,2024-11-12,1216
2022-09-01,2024-12-17,1216
2022-09-01,2025-01-21,1216
2022-09-01,2025-02-18,1216
2022-09-01,2025-03-20,1216
2022-09-01,2025-04-15,1208
2022-09-01,2025-05-13,1208
2022-09-01,2025-06-10,1208
2022-09-01,2025-07-17,1208
2022-09-01,2025-08-12,1208
2022-09-01,2025-09-16,1208
2022-10-01,2024-02-13,1178
2022-10-01,2024-03-12,1178
2022-10-01,2024-04-16,1175
2022-10-01,2024-05-14,1175
2022-10-01,2024-06-11,1175
2022-10-01,2024-07-18,1175
2022-10-01,2024-08-13,1175
2022-10-01,2024-09-10,1175
2022-10-01,2024-10-15,1175
2022-10-01,2024-11-12,1175
2022-10-01,2024-12-17,1175
2022-10-01,2025-01-21,1175
2022-10-01,2025-02-18,1175
2022-10-01,2025-03-20,1175
2022-10-01,2025-04-15,1167
2022-10-01,2025-05-13,1167
2022-10-01,2025-06-10,1167
2022-10-01,2025-07-17,1167
2022-10-01,2025-08-12,1167
2022-10-01,2025-09-16,1167
2022-11-01,2024-02-13,1160
2022-11-01,2024-03-12,1160
2022-11-01,2024-04-16,1153
2022-11-01,2024-05-14,1153
2022-11-01,2024-06-11,1153
2022-11-01,2024-07-18,1153
2022-11-01,2024-08-13,1153
2022-11-01,2024-09-10,1153
2022-11-01,2024-10-15,1153
2022-11-01,2024-11-12,1153
2022-11-01,2024-12-17,1153
2022-11-01,2025-01-21,1153
2022-11-01,2025-02-18,1153
2022-11-01,2025-03-20,1153
2022-11-01,2025-04-15,1138
2022-11-01,2025-05-13,1138
2022-11-01,2025-06-10,1138
2022-11-01,2025-07-17,1138
2022-11-01,2025-08-12,1138
2022-11-01,2025-09-16,1138
2022-12-01,2024-02-13,1140
2022-12-01,2024-03-12,1140
2022-12-01,2024-04-16,1132
2022-12-01,2024-05-14,1132
2022-12-01,2024-06-11,1132
2022-12-01,2024-07-18,1132
2022-12-01,2024-08-13,1132
2022-12-01,2024-09-10,1132
2022-12-01,2024-10-15,1132
2022-12-01,2024-11-12,1132
2022-12-01,2024-12-17,1132
2022-12-01,2025-01-21,1132
2022-12-01,2025-02-18,1132
2022-12-01,2025-03-20,1132
2022-12-01,2025-04-15,1114
2022-12-01,2025-05-13,1114
2022-12-01,2025-06-10,1114
2022-12-01,2025-07-17,1114
2022-12-01,2025-08-12,1114
2022-12-01,2025-09-16,1114
2023-01-01,2024-02-13,1130
2023-01-01,2024-03-12,1132
2023-01-01,2024-04-16,1128
2023-01-01,2024-05-14,1128
2023-01-01,2024-06-11,1128
2023-01-01,2024-07-18,1128
2023-01-01,2024-08-13,1128
2023-01-01,2024-09-10,1128
2023-01-01,2024-10-15,1128
2023-01-01,2024-11-12,1128
2023-01-01,2024-12-17,1128
2023-01-01,2025-01-21,1128
2023-01-01,2025-02-18,1128
2023-01-01,2025-03-20,1128
2023-01-01,2025-04-15,1112
2023-01-01,2025-05-13,1112
2023-01-01,2025-06-10,1112
2023-01-01,2025-07-17,1112
2023-01-01,2025-08-12,1112
2023-01-01,2025-09-16,1112
2023-02-01,2024-02-13,1119
2023-02-01,2024-03-12,1119
2023-02-01,2024-04-16,1120
2023-02-01,2024-05-14,1120
2023-02-01,2024-06-11,1120
2023-02-01,2024-07-18,1120
2023-02-01,2024-08-13,1120
2023-02-01,2024-09-10,1120
2023-02-01,2024-10-15,1120
2023-02-01,2024-11-12,1120
2023-02-01,2024-12-17,1120
2023-02-01,2025-01-21,1120
2023-02-01,2025-02-18,1120
2023-02-01,2025-03-20,1120
2023-02-01,2025-04-15,1104
2023-02-01,2025-05-13,1104
2023-02-01,2025-06-10,1104
2023-02-01,2025-07-17,1104
2023-02-01,2025-08-12,1104
2023-02-01,2025-09-16,1104
2023-03-01,2024-02-13,1085
2023-03-01,2024-03-12,1085
2023-03-01,2024-04-16,1088
2023-03-01,2024-05-14,1086
2023-03-01,2024-06-11,1086
2023-03-01,2024-07-18,1086
2023-03-01,2024-08-13,1086
2023-03-01,2024-09-10,1086
2023-03-01,2024-10-15,1086
2023-03-01,2024-11-12,1086
2023-03-01,2024-12-17,1086
2023-03-01,2025-01-21,1086
2023-03-01,2025-02-18,1086
2023-03-01,2025-03-20,1086
2023-03-01,2025-04-15,1075
2023-03-01,2025-05-13,1075
2023-03-01,2025-06-10,1075
2023-03-01,2025-07-17,1075
2023-03-01,2025-08-12,1075
2023-03-01,2025-09-16,1075
2023-04-01,2024-02-13,1052
2023-04-01,2024-03-12,1052
2023-04-01,2024-04-16,1058
2023-04-01,2024-05-14,1058
2023-04-01,2024-06-11,1060
2023-04-01,2024-07-18,1060
2023-04-01,2024-08-13,1060
2023-04-01,2024-09-10,1060
2023-04-01,2024-10-15,1060
2023-04-01,2024-11-12,1060
2023-04-01,2024-12-17,1060
2023-04-01,2025-01-21,1060
2023-04-01,2025-02-18,1060
2023-04-01,2025-03-20,1060
2023-04-01,2025-04-15,1043
2023-04-01,2025-05-13,1043
2023-04-01,2025-06-10,1043
2023-04-01,2025-07-17,1043
2023-04-01,2025-08-12,1043
2023-04-01,2025-09-16,1043
2023-05-01,2024-02-13,1032
2023-05-01,2024-03-12,1032
2023-05-01,2024-04-16,1037
2023-05-01,2024-05-14,1037
2023-05-01,2024-06-11,1037
2023-05-01,2024-07-18,1039
2023-05-01,2024-08-13,1039
2023-05-01,2024-09-10,1039
2023-05-01,2024-10-15,1039
2023-05-01,2024-11-12,1039
2023-05-01,2024-12-17,1039
2023-05-01,2025-01-21,1039
2023-05-01,2025-02-18,1039
2023-05-01,2025-03-20,1039
2023-05-01,2025-04-15,1025
2023-05-01,2025-05-13,1025
2023-05-01,2025-06-10,1025
2023-05-01,2025-07-17,1025
2023-05-01,2025-08-12,1025
2023-05-01,2025-09-16,1025
2023-06-01,2024-02-13,1015
2023-06-01,2024-03-12,1015
2023-06-01,2024-04-16,1024
2023-06-01,2024-05-14,1024
2023-06-01,2024-06-11,1024
2023-06-01,2024-07-18,1024
2023-06-01,2024-08-13,1024
2023-06-01,2024-09-10,1024
2023-06-01,2024-10-15,1024
2023-06-01,2024-11-12,1024
2023-06-01,2024-12-17,1024
2023-06-01,2025-01-21,1024
2023-06-01,2025-02-18,1024
2023-06-01,2025-03-20,1024
2023-06-01,2025-04-15,1010
2023-06-01,2025-05-13,1010
2023-06-01,2025-06-10,1010
2023-06-01,2025-07-17,1010
2023-06-01,2025-08-12,1010
2023-06-01,2025-09-16,1010
2023-07-01,2024-02-13,994
2023-07-01,2024-03-12,994
2023-07-01,2024-04-16,997
2023-07-01,2024-05-14,997
2023-07-01,2024-06-11,997
2023-07-01,2024-07-18,997
2023-07-01,2024-08-13,997
2023-07-01,2024-09-10,1000
2023-07-01,2024-10-15,1000
2023-07-01,2024-11-12,1000
2023-07-01,2024-12-17,1000
2023-07-01,2025-01-21,1000
2023-07-01,2025-02-18,1000
2023-07-01,2025-03-20,1000
2023-07-01,2025-04-15,988
2023-07-01,2025-05-13,988
2023-07-01,2025-06-10,988
2023-07-01,2025-07-17,988
2023-07-01,2025-08-12,988
2023-07-01,2025-09-16,988
2023-08-01,2024-02-13,983
2023-08-01,2024-03-12,983
2023-08-01,2024-04-16,982
2023-08-01,2024-05-14,982
2023-08-01,2024-06-11,982
2023-08-01,2024-07-18,982
2023-08-01,2024-08-13,982
2023-08-01,2024-09-10,982
2023-08-01,2024-10-15,983
2023-08-01,2024-11-12,983
2023-08-01,2024-12-17,983
2023-08-01,2025-01-21,983
2023-08-01,2025-02-18,983
2023-08-01,2025-03-20,983
2023-08-01,2025-04-15,973
2023-08-01,2025-05-13,973
2023-08-01,2025-06-10,973
2023-08-01,2025-07-17,973
2023-08-01,2025-08-12,973
2023-08-01,2025-09-16,973
2023-09-01,2024-02-13,958
2023-09-01,2024-03-12,958
2023-09-01,2024-04-16,959
2023-09-01,2024-05-14,959
2023-09-01,2024-06-11,959
2023-09-01,2024-07-18,959
2023-09-01,2024-08-13,959
2023-09-01,2024-09-10,959
2023-09-01,2024-10-15,959
2023-09-01,2024-11-12,961
2023-09-01,2024-12-17,961
2023-09-01,2025-01-21,961
2023-09-01,2025-02-18,961
2023-09-01,2025-03-20,961
2023-09-01,2025-04-15,952
2023-09-01,2025-05-13,952
2023-09-01,2025-06-10,952
2023-09-01,2025-07-17,952
2023-09-01,2025-08-12,952
2023-09-01,2025-09-16,952
2023-10-01,2024-02-13,949
2023-10-01,2024-03-12,951
2023-10-01,2024-04-16,1034
2023-10-01,2024-05-14,1034
2023-10-01,2024-06-11,1034
2023-10-01,2024-07-18,1034
2023-10-01,2024-08-13,1034
2023-10-01,2024-09-10,1034
2023-10-01,2024-10-15,1034
2023-10-01,2024-11-12,1034
2023-10-01,2024-12-17,1035
2023-10-01,2025-01-21,955
2023-10-01,2025-02-18,955
2023-10-01,2025-03-20,955
2023-10-01,2025-04-15,948
2023-10-01,2025-05-13,948
2023-10-01,2025-06-10,948
2023-10-01,2025-07-17,948
2023-10-01,2025-08-12,948
2023-10-01,2025-09-16,948
2023-11-01,2024-02-13,934
2023-11-01,2024-03-12,933
2023-11-01,2024-04-16,929
2023-11-01,2024-05-14,929
2023-11-01,2024-06-11,929
2023-11-01,2024-07-18,929
2023-11-01,2024-08-13,929
2023-11-01,2024-09-10,929
2023-11-01,2024-10-15,929
2023-11-01,2024-11-12,929
2023-11-01,2024-12-17,929
2023-11-01,2025-01-21,930
2023-11-01,2025-02-18,930
2023-11-01,2025-03-20,930
2023-11-01,2025-04-15,924
2023-11-01,2025-05-13,924
2023-11-01,2025-06-10,924
2023-11-01,2025-07-17,924
2023-11-01,2025-08-12,924
2023-11-01,2025-09-16,924
2023-12-01,2024-02-13,932
2023-12-01,2024-03-12,928
2023-12-01,2024-04-16,923
2023-12-01,2024-05-14,924
2023-12-01,2024-06-11,924
2023-12-01,2024-07-18,924
2023-12-01,2024-08-13,924
2023-12-01,2024-09-10,924
2023-12-01,2024-10-15,924
2023-12-01,2024-11-12,924
2023-12-01,2024-12-17,924
2023-12-01,2025-01-21,924
2023-12-01,2025-02-18,929
2023-12-01,2025-03-20,929
2023-12-01,2025-04-15,916
2023-12-01,2025-05-13,916
2023-12-01,2025-06-10,916
2023-12-01,2025-07-17,916
2023-12-01,2025-08-12,916
2023-12-01,2025-09-16,916
2024-01-01,2024-03-12,908
2024-01-01,2024-04-16,910
2024-01-01,2024-05-14,911
2024-01-01,2024-06-11,916
2024-01-01,2024-07-18,916
2024-01-01,2024-08-13,916
2024-01-01,2024-09-10,916
2024-01-01,2024-10-15,916
2024-01-01,2024-11-12,916
2024-01-01,2024-12-17,916
2024-01-01,2025-01-21,916
2024-01-01,2025-02-18,916
2024-01-01,2025-03-20,914
2024-01-01,2025-04-15,904
2024-01-01,2025-05-13,904
2024-01-01,2025-06-10,904
2024-01-01,2025-07-17,904
2024-01-01,2025-08-12,904
2024-01-01,2025-09-16,904
2024-02-01,2024-04-16,916
2024-02-01,2024-05-14,913
2024-02-01,2024-06-11,919
2024-02-01,2024-07-18,919
2024-02-01,2024-08-13,919
2024-02-01,2024-09-10,919
2024-02-01,2024-10-15,919
2024-02-01,2024-11-12,919
2024-02-01,2024-12-17,919
2024-02-01,2025-01-21,919
2024-02-01,2025-02-18,919
2024-02-01,2025-03-20,919
2024-02-01,2025-04-15,905
2024-02-01,2025-05-13,905
2024-02-01,2025-06-10,905
2024-02-01,2025-07-17,905
2024-02-01,2025-08-12,905
2024-02-01,2025-09-16,905
2024-03-01,2024-05-14,898
2024-03-01,2024-06-11,908
2024-03-01,2024-07-18,908
2024-03-01,2024-08-13,909
2024-03-01,2024-09-10,909
2024-03-01,2024-10-15,909
2024-03-01,2024-11-12,909
2024-03-01,2024-12-17,909
2024-03-01,2025-01-21,909
2024-03-01,2025-02-18,909
2024-03-01,2025-03-20,909
2024-03-01,2025-04-15,893
2024-03-01,2025-05-13,892
2024-03-01,2025-06-10,892
2024-03-01,2025-07-17,892
2024-03-01,2025-08-12,892
2024-03-01,2025-09-16,892
2024-04-01,2024-06-11,904
2024-04-01,2024-07-18,905
2024-04-01,2024-08-13,906
2024-04-01,2024-09-10,899
2024-04-01,2024-10-15,899
2024-04-01,2024-11-12,899
2024-04-01,2024-12-17,899
2024-04-01,2025-01-21,899
2024-04-01,2025-02-18,899
2024-04-01,2025-03-20,899
2024-04-01,2025-04-15,886
2024-04-01,2025-05-13,886
2024-04-01,2025-06-10,886
2024-04-01,2025-07-17,886
2024-04-01,2025-08-12,886
2024-04-01,2025-09-16,886
2024-05-01,2024-07-18,889
2024-05-01,2024-08-13,888
2024-05-01,2024-09-10,880
2024-05-01,2024-10-15,875
2024-05-01,2024-11-12,875
2024-05-01,2024-12-17,875
2024-05-01,2025-01-21,875
2024-05-01,2025-02-18,875
2024-05-01,2025-03-20,875
2024-05-01,2025-04-15,868
2024-05-01,2025-05-13,868
2024-05-01,2025-06-10,868
2024-05-01,2025-07-17,870
2024-05-01,2025-08-12,870
2024-05-01,2025-09-16,870
2024-06-01,2024-08-13,884
2024-06-01,2024-09-10,872
2024-06-01,2024-10-15,869
2024-06-01,2024-11-12,866
2024-06-01,2024-12-17,866
2024-06-01,2025-01-21,866
2024-06-01,2025-02-18,866
2024-06-01,2025-03-20,866
2024-06-01,2025-04-15,859
2024-06-01,2025-05-13,859
2024-06-01,2025-06-10,859
2024-06-01,2025-07-17,859
2024-06-01,2025-08-12,863
2024-06-01,2025-09-16,863
2024-07-01,2024-09-10,857
2024-07-01,2024-10-15,856
2024-07-01,2024-11-12,853
2024-07-01,2024-12-17,850
2024-07-01,2025-01-21,850
2024-07-01,2025-02-18,850
2024-07-01,2025-03-20,850
2024-07-01,2025-04-15,845
2024-07-01,2025-05-13,845
2024-07-01,2025-06-10,845
2024-07-01,2025-07-17,845
2024-07-01,2025-08-12,845
2024-07-01,2025-09-16,847
2024-08-01,2024-10-15,841
2024-08-01,2024-11-12,840
2024-08-01,2024-12-17,837
2024-08-01,2025-01-21,836
2024-08-01,2025-02-18,836
2024-08-01,2025-03-20,836
2024-08-01,2025-04-15,832
2024-08-01,2025-05-13,832
2024-08-01,2025-06-10,832
2024-08-01,2025-07-17,832
2024-08-01,2025-08-12,832
2024-08-01,2025-09-16,832
2024-09-01,2024-11-12,831
2024-09-01,2024-12-17,828
2024-09-01,2025-01-21,827
2024-09-01,2025-02-18,828
2024-09-01,2025-03-20,828
2024-09-01,2025-04-15,823
2024-09-01,2025-05-13,823
2024-09-01,2025-06-10,823
2024-09-01,2025-07-17,823
2024-09-01,2025-08-12,823
2024-09-01,2025-09-16,823
2024-10-01,2024-12-17,818
2024-10-01,2025-01-21,813
2024-10-01,2025-02-18,814
2024-10-01,2025-03-20,815
2024-10-01,2025-04-15,862
2024-10-01,2025-05-13,862
2024-10-01,2025-06-10,862
2024-10-01,2025-07-17,862
2024-10-01,2025-08-12,862
2024-10-01,2025-09-16,863
2024-11-01,2025-01-21,812
2024-11-01,2025-02-18,818
2024-11-01,2025-03-20,820
2024-11-01,2025-04-15,806
2024-11-01,2025-05-13,806
2024-11-01,2025-06-10,806
2024-11-01,2025-07-17,806
2024-11-01,2025-08-12,806
2024-11-01,2025-09-16,806
2024-12-01,2025-02-18,819
2024-12-01,2025-03-20,821
2024-12-01,2025-04-15,803
2024-12-01,2025-05-13,804
2024-12-01,2025-06-10,804
2024-12-01,2025-07-17,804
2024-12-01,2025-08-12,804
2024-12-01,2025-09-16,804
2025-01-01,2025-03-20,816
2025-01-01,2025-04-15,799
2025-01-01,2025-05-13,801
2025-01-01,2025-06-10,799
2025-01-01,2025-07-17,799
2025-01-01,2025-08-12,799
2025-01-01,2025-09-16,799
2025-02-01,2025-04-15,781
2025-02-01,2025-05-13,783
2025-02-01,2025-06-10,782
2025-02-01,2025-07-17,783
2025-02-01,2025-08-12,783
2025-02-01,2025-09-16,783
2025-03-01,2025-05-13,761
2025-03-01,2025-06-10,760
2025-03-01,2025-07-17,763
2025-03-01,2025-08-12,762
2025-03-01,2025-09-16,762
2025-04-01,2025-06-10,736
2025-04-01,2025-07-17,738
2025-04-01,2025-08-12,738
2025-04-01,2025-09-16,739
2025-05-01,2025-07-17,727
2025-05-01,2025-08-12,725
2025-05-01,2025-09-16,726
2025-06-01,2025-08-12,718
2025-06-01,2025-09-16,720
2025-07-01,2025-09-16,728
